"entity","device","lat_lng"
"VDC","AJT100417","0 , 0"
"VDC","AJT106244","0 , 0"
"VDC","AJT106815","0 , 0"
"VDC","AJT109984","0 , 0"
"VDC","AJT112133","0 , 0"
"VDC","AJT112514","0 , 0"
"VDC","AJT113213","0 , 0"
"VDC","AJT11448","0 , 0"
"VDC","AJT12020","0 , 0"
"VDC","AJT12137","0 , 0"
"VDC","AJT13639","0 , 0"
"VDC","AJT14132","0 , 0"
"VDC","AJT16552","0 , 0"
"VDC","AJT17573","0 , 0"
"VDC","AJT1758","0 , 0"
"VDC","AJT17648","0 , 0"
"VDC","AJT18022","0 , 0"
"VDC","AJT1892","0 , 0"
"VDC","AJT19319","0 , 0"
"VDC","AJT19800","0 , 0"
"VDC","AJT21679","0 , 0"
"VDC","AJT23453","0 , 0"
"VDC","AJT23631","0 , 0"
"VDC","AJT24332","0 , 0"
"VDC","AJT24528","0 , 0"
"VDC","AJT2915","0 , 0"
"VDC","AJT30350","0 , 0"
"VDC","AJT30467","0 , 0"
"VDC","AJT31937","0 , 0"
"VDC","AJT32026","0 , 0"
"VDC","AJT33886","0 , 0"
"VDC","AJT36117","0 , 0"
"VDC","AJT37864","0 , 0"
"VDC","AJT38608","0 , 0"
"VDC","AJT39659","0 , 0"
"VDC","AJT41301","0 , 0"
"VDC","AJT41599","0 , 0"
"VDC","AJT41720","0 , 0"
"VDC","AJT42743","0 , 0"
"VDC","AJT4339","0 , 0"
"VDC","AJT44601","0 , 0"
"VDC","AJT44692","0 , 0"
"VDC","AJT45049","0 , 0"
"VDC","AJT46741","0 , 0"
"VDC","AJT46936","0 , 0"
"VDC","AJT47825","0 , 0"
"VDC","AJT47859","0 , 0"
"VDC","AJT48546","0 , 0"
"VDC","AJT48956","0 , 0"
"VDC","AJT49339","0 , 0"
"VDC","AJT49561","0 , 0"
"VDC","AJT52626","0 , 0"
"VDC","AJT54358","0 , 0"
"VDC","AJT54410","0 , 0"
"VDC","AJT54639","0 , 0"
"VDC","AJT54808","0 , 0"
"VDC","AJT55142","0 , 0"
"VDC","AJT56195","0 , 0"
"VDC","AJT57374","0 , 0"
"VDC","AJT58221","0 , 0"
"VDC","AJT58237","0 , 0"
"VDC","AJT58876","0 , 0"
"VDC","AJT60079","0 , 0"
"VDC","AJT64189","0 , 0"
"VDC","AJT64715","0 , 0"
"VDC","AJT68816","0 , 0"
"VDC","AJT7407","0 , 0"
"VDC","AJT793","0 , 0"
"VDC","AJT80070","0 , 0"
"VDC","AJT80784","0 , 0"
"VDC","AJT906","0 , 0"
"VDC","AJT9347","0 , 0"
"VDC","AJT9806","0 , 0"
"Sabuy Counter","QSS131","13.6468583333333342 , 100.430366666666671"
"VDC","VDC10189","0 , 0"
"VDC","VDC10914","16.727646666666665 , 102.858994999999993"
"VDC","VDC11000","0 , 0"
"VDC","VDC11017","13.6558500000000027 , 100.428481666666656"
"VDC","VDC11047","0 , 0"
"VDC","VDC11164","0 , 0"
"VDC","VDC11475","0 , 0"
"VDC","VDC11578","14.6315566666666648 , 101.608844999999988"
"VDC","VDC14676","0 , 0"
"VDC","VDC15115","0 , 0"
"VDC","VDC15117","0 , 0"
"VDC","VDC15275","0 , 0"
"VDC","VDC15553","0 , 0"
"VDC","VDC15889","0 , 0"
"VDC","VDC15924","0 , 0"
"VDC","VDC16013","0 , 0"
"VDC","VDC16528","13.7074850000000001 , 100.342966666666655"
"VDC","VDC16586","0 , 0"
"VDC","VDC16692","0 , 0"
"VDC","VDC17077","0 , 0"
"VDC","VDC17104","16.4229050000000001 , 101.162855000000008"
"VDC","VDC17126","0 , 0"
"VDC","VDC17131","0 , 0"
"VDC","VDC17133","0 , 0"
"VDC","VDC17607","13.7251783333333339 , 100.392055000000013"
"VDC","VDC18012","0 , 0"
"VDC","VDC18251","0 , 0"
"VDC","VDC18381","13.5865849999999977 , 100.326068333333325"
"VDC","VDC18455","0 , 0"
"VDC","VDC18462","6.02025499999999969 , 101.924951666666672"
"VDC","VDC18748","0 , 0"
"VDC","VDC18776","16.0204033333333342 , 102.739328333333347"
"VDC","VDC19502","15.8243883333333315 , 103.518321666666665"
"VDC","VDC19781","0 , 0"
"VDC","VDC20030","17.0657566666666689 , 102.487075000000004"
"VDC","VDC20507","13.6324550000000002 , 100.42671666666665"
"VDC","VDC20879","0 , 0"
"VDC","VDC21148","0 , 0"
"VDC","VDC21430","0 , 0"
"VDC","VDC21443","13.8890433333333316 , 100.576663333333329"
"VDC","VDC21444","13.0999200000000009 , 101.012913333333316"
"VDC","VDC21445","0 , 0"
"VDC","VDC21502","0 , 0"
"VDC","VDC22242","0 , 0"
"VDC","VDC22482","0 , 0"
"VDC","VDC22535","8.34336833333333239 , 100.071030000000007"
"VDC","VDC22708","14.9992199999999993 , 102.125974999999983"
"VDC","VDC22709","17.4863133333333316 , 103.454144999999997"
"VDC","VDC22713","16.4324483333333333 , 102.840454999999992"
"VDC","VDC22722","15.5763483333333319 , 104.400351666666666"
"VDC","VDC22727","0 , 0"
"VDC","VDC22751","13.5950233333333319 , 100.755156666666664"
"VDC","VDC22757","0 , 0"
"VDC","VDC22764","13.2875583333333331 , 101.391411666666684"
"VDC","VDC22793","0 , 0"
"VDC","VDC22802","0 , 0"
"VDC","VDC22809","15.9025750000000023 , 105.280851666666663"
"VDC","VDC22819","0 , 0"
"VDC","VDC22896","13.6280583333333354 , 100.719115000000002"
"VDC","VDC22955","18.5783533333333324 , 99.0475250000000074"
"VDC","VDC2305","13.6028066666666678 , 100.556906666666663"
"VDC","VDC23872","16.781841666666665 , 101.24040500000001"
"VDC","VDC24110","13.9573783333333346 , 100.65149000000001"
"VDC","VDC24133","12.9745133333333342 , 100.913756666666657"
"VDC","VDC24296","16.7803566666666661 , 101.261908333333338"
"VDC","VDC25067","0 , 0"
"VDC","VDC25140","0 , 0"
"VDC","VDC25160","0 , 0"
"VDC","VDC25714","14.9892266666666654 , 104.391076666666649"
"VDC","VDC25835","16.7838233333333307 , 101.244998333333328"
"VDC","VDC25855","0 , 0"
"VDC","VDC25861","13.5777750000000008 , 100.806073333333345"
"VDC","VDC25866","0 , 0"
"VDC","VDC25870","14.9948966666666674 , 100.34431166666667"
"VDC","VDC25874","0 , 0"
"VDC","VDC25877","0 , 0"
"VDC","VDC25918","13.5834549999999989 , 100.686721666666656"
"VDC","VDC25933","13.6774250000000013 , 100.319403333333327"
"VDC","VDC2597","12.9575533333333315 , 101.288759999999996"
"VDC","VDC26439","0 , 0"
"VDC","VDC26662","0 , 0"
"VDC","VDC26668","0 , 0"
"VDC","VDC26685","0 , 0"
"VDC","VDC26851","0 , 0"
"VDC","VDC27155","0 , 0"
"VDC","VDC27157","0 , 0"
"VDC","VDC27161","0 , 0"
"VDC","VDC27167","0 , 0"
"VDC","VDC27180","13.7162550000000003 , 100.818020000000004"
"VDC","VDC27184","0 , 0"
"VDC","VDC27191","0 , 0"
"VDC","VDC27206","15.1056233333333321 , 104.386663333333345"
"VDC","VDC27207","13.8481749999999995 , 100.378080000000011"
"VDC","VDC27212","9.09574499999999908 , 99.2308283333333492"
"VDC","VDC27220","16.4649566666666693 , 102.827526666666657"
"VDC","VDC27229","13.6272649999999995 , 100.628456666666651"
"VDC","VDC27233","16.4212050000000005 , 102.809926666666669"
"VDC","VDC27238","14.8550166666666659 , 101.702234999999988"
"VDC","VDC27251","17.2741566666666664 , 101.154931666666656"
"VDC","VDC27255","16.399556666666669 , 102.838176666666669"
"VDC","VDC27258","13.031976666666667 , 101.109853333333348"
"VDC","VDC27271","15.2788816666666669 , 103.279541666666645"
"VDC","VDC27291","7.86009666666666718 , 98.367005000000006"
"VDC","VDC27298","13.0369650000000021 , 101.126683333333347"
"VDC","VDC27303","0 , 0"
"VDC","VDC27304","13.9568233333333342 , 100.577880000000007"
"VDC","VDC27313","16.3615349999999999 , 104.535101666666677"
"VDC","VDC27320","13.987938333333334 , 100.536238333333344"
"VDC","VDC27325","13.6324216666666675 , 100.365470000000002"
"VDC","VDC27332","0 , 0"
"VDC","VDC27336","0 , 0"
"VDC","VDC27342","13.9671566666666642 , 100.745960000000011"
"VDC","VDC27373","0 , 0"
"VDC","VDC27396","0 , 0"
"VDC","VDC27518","0 , 0"
"VDC","VDC27523","0 , 0"
"VDC","VDC27533","16.8144233333333304 , 100.267889999999994"
"VDC","VDC27559","16.5877400000000002 , 101.25301833333333"
"VDC","VDC27564","16.7949183333333316 , 101.318145000000001"
"VDC","VDC27630","17.3183183333333304 , 99.8322616666666676"
"VDC","VDC27641","16.8229083333333307 , 100.428656666666669"
"VDC","VDC27652","18.7769666666666666 , 99.0702783333333485"
"VDC","VDC27802","13.8271400000000018 , 100.536241666666655"
"VDC","VDC27806","13.5619916666666658 , 100.679844999999986"
"VDC","VDC27813","0 , 0"
"VDC","VDC27844","13.8386300000000002 , 100.582366666666658"
"VDC","VDC27995","0 , 0"
"VDC","VDC28033","17.3909983333333358 , 102.771156666666656"
"VDC","VDC28050","0 , 0"
"VDC","VDC28056","14.6817499999999992 , 100.858686666666657"
"VDC","VDC28057","13.8469666666666669 , 100.647239999999996"
"VDC","VDC28149","0 , 0"
"VDC","VDC28165","0 , 0"
"VDC","VDC28295","14.3370949999999997 , 100.558610000000016"
"VDC","VDC28317","8.06098499999999873 , 98.9046949999999896"
"VDC","VDC28433","14.46401 , 100.138220000000004"
"VDC","VDC28684","8.79261333333333184 , 99.9179633333333186"
"VDC","VDC28719","0 , 0"
"VDC","VDC28886","0 , 0"
"VDC","VDC28936","0 , 0"
"VDC","VDC28962","0 , 0"
"VDC","VDC28973","8.4339716666666682 , 99.9189816666666673"
"VDC","VDC28977","0 , 0"
"VDC","VDC28982","12.6658549999999988 , 100.937993333333324"
"VDC","VDC29115","16.6145449999999997 , 103.167626666666663"
"VDC","VDC29184","0 , 0"
"VDC","VDC29188","0 , 0"
"VDC","VDC29191","0 , 0"
"VDC","VDC29220","14.84511 , 100.631131666666661"
"VDC","VDC29249","14.8499116666666655 , 100.666518333333315"
"VDC","VDC29457","0 , 0"
"VDC","VDC29503","17.4888383333333337 , 102.797538333333335"
"VDC","VDC29504","17.2552466666666682 , 104.186783333333338"
"VDC","VDC29534","15.3233599999999992 , 103.285288333333327"
"VDC","VDC29556","16.9477683333333324 , 103.419825000000003"
"VDC","VDC29562","17.5823700000000009 , 102.987368333333322"
"VDC","VDC29564","0 , 0"
"VDC","VDC29569","17.4705983333333315 , 104.102581666666666"
"VDC","VDC29716","13.9342383333333331 , 100.761083333333346"
"VDC","VDC29723","13.9991400000000006 , 100.682393333333337"
"VDC","VDC29726","13.6801549999999974 , 100.472608333333326"
"VDC","VDC29728","13.6004316666666689 , 100.332235000000011"
"VDC","VDC29731","13.8976283333333335 , 100.681314999999998"
"VDC","VDC29746","13.818014999999999 , 100.591368333333321"
"VDC","VDC29748","0 , 0"
"VDC","VDC29751","16.0431516666666667 , 103.113001666666662"
"VDC","VDC29757","0 , 0"
"VDC","VDC29760","0 , 0"
"VDC","VDC29773","0 , 0"
"VDC","VDC29808","0 , 0"
"VDC","VDC29812","0 , 0"
"VDC","VDC29840","6.43228666666666626 , 101.819001666666679"
"VDC","VDC29841","0 , 0"
"VDC","VDC29856","6.85437666666666701 , 101.252553333333339"
"VDC","VDC29883","14.889406666666666 , 100.411433333333335"
"VDC","VDC30362","0 , 0"
"VDC","VDC30370","16.4369800000000019 , 101.143798333333322"
"VDC","VDC30376","0 , 0"
"VDC","VDC30378","16.797625 , 101.329653333333354"
"VDC","VDC30383","16.7866500000000016 , 101.248209999999986"
"VDC","VDC30510","0 , 0"
"VDC","VDC30514","0 , 0"
"VDC","VDC30557","17.2768583333333332 , 102.682879999999997"
"VDC","VDC30565","17.3609799999999979 , 104.78976333333334"
"VDC","VDC30589","0 , 0"
"VDC","VDC30617","8.70231000000000066 , 99.9289799999999815"
"VDC","VDC30623","19.7407799999999973 , 100.174979999999991"
"VDC","VDC30627","8.51221333333333341 , 99.8918216666666581"
"VDC","VDC30631","8.45127333333333475 , 99.9177666666666795"
"VDC","VDC30765","0 , 0"
"VDC","VDC30928","14.926873333333333 , 101.78543333333333"
"VDC","VDC30991","16.3336183333333338 , 103.495748333333324"
"VDC","VDC31058","0 , 0"
"VDC","VDC31085","0 , 0"
"VDC","VDC31087","0 , 0"
"VDC","VDC31122","0 , 0"
"VDC","VDC31341","18.2623316666666682 , 103.978871666666663"
"VDC","VDC31464","0 , 0"
"VDC","VDC31483","0 , 0"
"VDC","VDC31487","0 , 0"
"VDC","VDC31554","14.9936566666666682 , 100.339455000000001"
"VDC","VDC31680","14.7495949999999993 , 101.069046666666665"
"VDC","VDC31799","13.7783350000000002 , 100.480138333333343"
"VDC","VDC31808","14.507906666666667 , 101.749633333333321"
"VDC","VDC31843","15.0473700000000008 , 102.184950000000001"
"VDC","VDC31851","17.0780433333333335 , 104.58049166666666"
"VDC","VDC31955","13.8345800000000008 , 100.861985000000004"
"VDC","VDC31968","13.4924533333333336 , 99.9729266666666518"
"VDC","VDC32021","0 , 0"
"VDC","VDC32041","6.4306666666666672 , 101.798074999999997"
"VDC","VDC32134","0 , 0"
"VDC","VDC32135","0 , 0"
"VDC","VDC32138","19.1456466666666678 , 99.6166833333333415"
"VDC","VDC32139","17.9829149999999984 , 100.05300166666666"
"VDC","VDC32140","0 , 0"
"VDC","VDC32143","0 , 0"
"VDC","VDC32147","15.8184199999999997 , 100.081545000000006"
"VDC","VDC32150","19.736693333333335 , 100.202361666666675"
"VDC","VDC32153","14.1513033333333329 , 100.617646666666673"
"VDC","VDC32154","0 , 0"
"VDC","VDC32158","0 , 0"
"VDC","VDC32160","15.6407116666666681 , 100.227998333333318"
"VDC","VDC32165","14.2466300000000015 , 100.701855000000009"
"VDC","VDC32167","14.7839083333333328 , 100.649698333333347"
"VDC","VDC32205","-2.71778666666666702 , 99.7198116666666721"
"VDC","VDC32206","13.5718316666666663 , 99.7776533333333333"
"VDC","VDC32207","0 , 0"
"VDC","VDC32209","20.0324899999999992 , 99.8788433333333501"
"VDC","VDC32219","8.1087750000000014 , 98.3085583333333233"
"VDC","VDC32220","14.6366200000000006 , 101.130460000000014"
"VDC","VDC32224","7.79666000000000103 , 98.33157833333334"
"VDC","VDC32226","19.3348766666666663 , 100.134691666666669"
"VDC","VDC32227","0 , 0"
"VDC","VDC32231","14.5506666666666664 , 100.921395000000004"
"VDC","VDC32232","13.5900133333333315 , 99.8203133333333454"
"VDC","VDC32342","0 , 0"
"VDC","VDC32373","6.3862199999999989 , 101.810824999999994"
"VDC","VDC32406","6.51939833333333318 , 101.279031666666683"
"VDC","VDC32418","6.87448000000000015 , 101.248659999999987"
"VDC","VDC32479","14.8960116666666682 , 100.353418333333323"
"VDC","VDC32490","0 , 0"
"VDC","VDC32508","14.9761383333333313 , 100.252158333333313"
"VDC","VDC32567","16.3837683333333324 , 101.199718333333323"
"VDC","VDC32575","13.676396666666669 , 100.609095000000011"
"VDC","VDC32588","0 , 0"
"VDC","VDC32593","0 , 0"
"VDC","VDC32599","0 , 0"
"VDC","VDC32609","0 , 0"
"VDC","VDC32614","13.7944216666666648 , 100.731340000000003"
"VDC","VDC32631","13.9166283333333318 , 99.7657950000000113"
"VDC","VDC32642","0 , 0"
"VDC","VDC32650","0 , 0"
"VDC","VDC32651","16.5352116666666653 , 102.83122666666668"
"VDC","VDC32658","0 , 0"
"VDC","VDC32659","0 , 0"
"VDC","VDC32665","0 , 0"
"VDC","VDC32668","0 , 0"
"VDC","VDC32671","0 , 0"
"VDC","VDC32678","0 , 0"
"VDC","VDC32679","0 , 0"
"VDC","VDC32705","13.8768066666666687 , 100.720425000000006"
"VDC","VDC32713","15.2020366666666664 , 102.071584999999985"
"VDC","VDC32722","17.9393650000000022 , 103.947778333333346"
"VDC","VDC32725","17.4120516666666667 , 102.787573333333327"
"VDC","VDC32727","0 , 0"
"VDC","VDC32730","16.0514299999999999 , 103.128976666666674"
"VDC","VDC32733","15.844380000000001 , 103.554955000000007"
"VDC","VDC32734","15.1935383333333327 , 104.814266666666668"
"VDC","VDC32737","18.3564749999999997 , 103.652651666666685"
"VDC","VDC32739","16.1896933333333308 , 103.299639999999997"
"VDC","VDC32752","0 , 0"
"VDC","VDC32755","0 , 0"
"VDC","VDC32757","0 , 0"
"VDC","VDC32762","13.6141866666666669 , 100.367261666666678"
"VDC","VDC32768","13.4673466666666659 , 99.7982500000000101"
"VDC","VDC32771","14.328758333333333 , 100.838118333333327"
"VDC","VDC32772","13.7482833333333314 , 100.186933333333343"
"VDC","VDC32781","12.9856483333333319 , 101.144313333333315"
"VDC","VDC32782","12.8647349999999996 , 100.900849999999991"
"VDC","VDC32790","13.5932900000000014 , 100.33771999999999"
"VDC","VDC328","13.7127911999999998 , 100.418793199999996"
"VDC","VDC32893","14.6839566666666652 , 100.418053333333319"
"VDC","VDC32927","0 , 0"
"VDC","VDC330","13.71129 , 100.419029699999996"
"VDC","VDC33001","0 , 0"
"VDC","VDC33021","0 , 0"
"VDC","VDC331","13.6523915999999996 , 100.677808499999998"
"VDC","VDC33240","0 , 0"
"VDC","VDC33247","13.6380033333333319 , 100.417488333333338"
"VDC","VDC33268","0 , 0"
"VDC","VDC33274","14.0253616666666669 , 100.172993333333338"
"VDC","VDC33279","0 , 0"
"VDC","VDC33297","0 , 0"
"VDC","VDC33298","0 , 0"
"VDC","VDC33301","13.6887666666666679 , 100.258015000000015"
"VDC","VDC33307","14.008424999999999 , 100.247405000000015"
"VDC","VDC33312","0 , 0"
"VDC","VDC33320","0 , 0"
"VDC","VDC33336","0 , 0"
"VDC","VDC33340","14.0048449999999995 , 100.556108333333341"
"VDC","VDC33341","0 , 0"
"VDC","VDC33356","0 , 0"
"VDC","VDC33357","0 , 0"
"VDC","VDC33370","14.5890933333333344 , 104.616294999999994"
"VDC","VDC33421","15.9673483333333319 , 99.9978566666666637"
"VDC","VDC33492","0 , 0"
"VDC","VDC33504","0 , 0"
"VDC","VDC33507","0 , 0"
"VDC","VDC33512","13.6871599999999987 , 100.700389999999999"
"VDC","VDC33517","0 , 0"
"VDC","VDC33613","0 , 0"
"VDC","VDC337","14.3362339999999993 , 100.6105144"
"VDC","VDC33999","13.9876000000000023 , 100.573113333333339"
"VDC","VDC34003","16.3447049999999976 , 104.010270000000006"
"VDC","VDC34133","0 , 0"
"VDC","VDC342","13.7761748999999991 , 100.478132099999996"
"VDC","VDC34306","14.5169233333333327 , 100.974025000000012"
"VDC","VDC34311","15.2222883333333314 , 100.172380000000004"
"VDC","VDC34317","0 , 0"
"VDC","VDC34319","0 , 0"
"VDC","VDC34323","14.9066116666666666 , 102.011693333333341"
"VDC","VDC34332","0 , 0"
"VDC","VDC34362","16.4620833333333323 , 101.297036666666671"
"VDC","VDC34366","16.8917033333333322 , 101.228301666666667"
"VDC","VDC34367","0 , 0"
"VDC","VDC34369","0 , 0"
"VDC","VDC34396","0 , 0"
"VDC","VDC345","14.3129778000000005 , 100.646133599999999"
"VDC","VDC347","13.8057774000000002 , 100.534556699999996"
"VDC","VDC34729","14.0212850000000007 , 100.540008333333333"
"VDC","VDC34802","0 , 0"
"VDC","VDC34902","0 , 0"
"VDC","VDC34911","0 , 0"
"VDC","VDC34914","13.3452816666666649 , 99.8292683333333457"
"VDC","VDC34954","14.1243466666666677 , 100.630801666666656"
"VDC","VDC34955","13.9826899999999981 , 100.390544999999989"
"VDC","VDC350","13.7690848999999993 , 100.6438232"
"VDC","VDC35000","0 , 0"
"VDC","VDC35026","0 , 0"
"VDC","VDC35140","10.2686899999999994 , 98.8294633333333223"
"VDC","VDC35141","0 , 0"
"VDC","VDC35151","0 , 0"
"VDC","VDC35186","13.966588333333334 , 100.51334833333334"
"VDC","VDC35226","0 , 0"
"VDC","VDC35243","10.0958983333333343 , 99.1435966666666531"
"VDC","VDC35247","0 , 0"
"VDC","VDC35263","0 , 0"
"VDC","VDC35271","8.63272833333333445 , 99.3572849999999903"
"VDC","VDC35281","0 , 0"
"VDC","VDC35283","12.2256466666666679 , 99.8677399999999835"
"VDC","VDC35287","14.5882299999999994 , 100.985663333333349"
"VDC","VDC35288","12.368521666666668 , 99.9348099999999846"
"VDC","VDC35297","8.38928999999999903 , 99.9708700000000192"
"VDC","VDC35340","0 , 0"
"VDC","VDC35349","0 , 0"
"VDC","VDC35351","0 , 0"
"VDC","VDC35395","13.3177033333333341 , 101.107253333333333"
"VDC","VDC35422","14.1714849999999988 , 100.301563333333348"
"VDC","VDC35439","0 , 0"
"VDC","VDC35443","0 , 0"
"VDC","VDC35492","0 , 0"
"VDC","VDC355","13.9461539999999999 , 100.641971900000001"
"VDC","VDC35677","0 , 0"
"VDC","VDC35685","0 , 0"
"VDC","VDC357","14.0184575999999996 , 100.526026099999996"
"VDC","VDC35740","15.2603400000000011 , 102.222196666666662"
"VDC","VDC35761","0 , 0"
"VDC","VDC35765","0 , 0"
"VDC","VDC35783","0 , 0"
"VDC","VDC35864","15.5231700000000004 , 103.329186666666672"
"VDC","VDC35973","0 , 0"
"VDC","VDC35976","9.12822666666666649 , 99.3080599999999976"
"VDC","VDC35984","14.2415066666666643 , 101.120286666666658"
"VDC","VDC360","14.3364805999999998 , 100.610137899999998"
"VDC","VDC36100","0 , 0"
"VDC","VDC36103","0 , 0"
"VDC","VDC36107","0 , 0"
"VDC","VDC36110","0 , 0"
"VDC","VDC36126","0 , 0"
"VDC","VDC36129","15.9568333333333339 , 101.273864999999986"
"VDC","VDC36138","0 , 0"
"VDC","VDC36148","15.7853250000000003 , 100.996840000000006"
"VDC","VDC36155","0 , 0"
"VDC","VDC36156","0 , 0"
"VDC","VDC36161","16.570453333333333 , 101.00191833333335"
"VDC","VDC3623","0 , 0"
"VDC","VDC36265","16.4042250000000003 , 101.152405000000002"
"VDC","VDC36326","16.795066666666667 , 101.277381666666685"
"VDC","VDC36341","0 , 0"
"VDC","VDC36383","16.040770000000002 , 101.193033333333332"
"VDC","VDC36591","0 , 0"
"VDC","VDC36776","14.6102316666666674 , 101.841621666666683"
"VDC","VDC36820","15.7684683333333329 , 101.911648333333318"
"VDC","VDC36828","0 , 0"
"VDC","VDC36850","0 , 0"
"VDC","VDC36855","0 , 0"
"VDC","VDC36856","0 , 0"
"VDC","VDC36867","0 , 0"
"VDC","VDC36873","13.8100766666666654 , 100.59584333333332"
"VDC","VDC36895","13.9823833333333329 , 99.6405533333333295"
"VDC","VDC369","13.7370569000000007 , 100.634692000000001"
"VDC","VDC36907","13.6945949999999996 , 100.233503333333346"
"VDC","VDC36908","0 , 0"
"VDC","VDC36912","13.8505499999999984 , 100.866545000000016"
"VDC","VDC37217","16.5546433333333347 , 101.130781666666678"
"VDC","VDC37224","0 , 0"
"VDC","VDC37226","0 , 0"
"VDC","VDC37282","0 , 0"
"VDC","VDC37348","0 , 0"
"VDC","VDC3757","0 , 0"
"VDC","VDC37621","0 , 0"
"VDC","VDC37681","0 , 0"
"VDC","VDC37682","0 , 0"
"VDC","VDC37691","0 , 0"
"VDC","VDC37734","0 , 0"
"VDC","VDC37783","0 , 0"
"VDC","VDC37850","15.9844083333333327 , 101.062685000000002"
"VDC","VDC37931","0 , 0"
"VDC","VDC37937","0 , 0"
"VDC","VDC37939","0 , 0"
"VDC","VDC3800","0 , 0"
"VDC","VDC38084","14.7888766666666651 , 103.472466666666662"
"VDC","VDC38122","0 , 0"
"VDC","VDC38158","15.0624366666666667 , 102.104604999999992"
"VDC","VDC38329","13.5408283333333319 , 100.28535500000001"
"VDC","VDC38351","12.7508633333333332 , 99.9581000000000159"
"VDC","VDC38379","0 , 0"
"VDC","VDC38381","16.1303216666666671 , 101.04441833333334"
"VDC","VDC38617","0 , 0"
"VDC","VDC38729","16.4490016666666676 , 101.269989999999993"
"VDC","VDC38730","0 , 0"
"VDC","VDC38733","16.0421399999999998 , 101.196245000000005"
"VDC","VDC38737","0 , 0"
"VDC","VDC38740","0 , 0"
"VDC","VDC38744","0 , 0"
"VDC","VDC38751","0 , 0"
"VDC","VDC38792","0 , 0"
"VDC","VDC38822","0 , 0"
"VDC","VDC38895","0 , 0"
"VDC","VDC38899","0 , 0"
"VDC","VDC38928","0 , 0"
"VDC","VDC38932","14.8154616666666659 , 100.68886333333333"
"VDC","VDC38938","0 , 0"
"VDC","VDC38943","0 , 0"
"VDC","VDC38964","16.3930833333333332 , 101.117266666666666"
"VDC","VDC38966","0 , 0"
"VDC","VDC39046","0 , 0"
"VDC","VDC39065","0 , 0"
"VDC","VDC39118","0 , 0"
"VDC","VDC39131","0 , 0"
"VDC","VDC3915","0 , 0"
"VDC","VDC39160","0 , 0"
"VDC","VDC39189","13.3730716666666662 , 101.010111666666674"
"VDC","VDC39194","16.4612633333333314 , 100.357541666666663"
"VDC","VDC39197","14.5728449999999992 , 100.988816666666665"
"VDC","VDC39208","0 , 0"
"VDC","VDC39213","0 , 0"
"VDC","VDC39219","8.10809499999999872 , 98.9371316666666587"
"VDC","VDC39223","18.5538833333333315 , 98.8490683333333493"
"VDC","VDC39228","0 , 0"
"VDC","VDC39232","14.6214099999999991 , 103.838093333333319"
"VDC","VDC39234","0 , 0"
"VDC","VDC39236","8.43335166666666503 , 99.9418550000000039"
"VDC","VDC39242","14.0656050000000015 , 100.625205000000008"
"VDC","VDC39245","7.544011666666667 , 99.6169966666666653"
"VDC","VDC39246","0 , 0"
"VDC","VDC39426","0 , 0"
"VDC","VDC39430","14.7936883333333338 , 100.648453333333322"
"VDC","VDC39627","0 , 0"
"VDC","VDC39696","8.6580833333333338 , 99.3686616666666538"
"VDC","VDC39717","17.6243516666666657 , 100.083886666666658"
"VDC","VDC3972","0 , 0"
"VDC","VDC39799","14.0292350000000017 , 100.228853333333333"
"VDC","VDC39857","17.638541666666665 , 100.084689999999981"
"VDC","VDC39981","0 , 0"
"VDC","VDC40057","0 , 0"
"VDC","VDC40069","0 , 0"
"VDC","VDC40070","0 , 0"
"VDC","VDC40116","0 , 0"
"VDC","VDC40132","0 , 0"
"VDC","VDC40157","0 , 0"
"VDC","VDC40240","0 , 0"
"VDC","VDC40337","14.7968416666666673 , 100.636285000000015"
"VDC","VDC40347","0 , 0"
"VDC","VDC40384","0 , 0"
"VDC","VDC40389","14.883898333333331 , 100.926135000000002"
"VDC","VDC40452","15.1364466666666662 , 100.545938333333325"
"VDC","VDC40505","6.73725166666666642 , 101.12180833333332"
"VDC","VDC40519","0 , 0"
"VDC","VDC40526","0 , 0"
"VDC","VDC40531","0 , 0"
"VDC","VDC40558","0 , 0"
"VDC","VDC40671","0 , 0"
"VDC","VDC40695","0 , 0"
"VDC","VDC40729","0 , 0"
"VDC","VDC40783","0 , 0"
"VDC","VDC40993","0 , 0"
"VDC","VDC41045","0 , 0"
"VDC","VDC41093","0 , 0"
"VDC","VDC411","0 , 0"
"VDC","VDC41100","0 , 0"
"VDC","VDC4129","0 , 0"
"VDC","VDC41394","0 , 0"
"VDC","VDC41402","0 , 0"
"VDC","VDC41523","0 , 0"
"VDC","VDC41525","0 , 0"
"VDC","VDC41550","0 , 0"
"VDC","VDC41564","0 , 0"
"VDC","VDC41576","0 , 0"
"VDC","VDC41587","0 , 0"
"VDC","VDC41658","0 , 0"
"VDC","VDC41660","0 , 0"
"VDC","VDC41665","0 , 0"
"VDC","VDC41778","0 , 0"
"VDC","VDC41834","0 , 0"
"VDC","VDC41849","0 , 0"
"VDC","VDC41868","14.8364483333333315 , 100.909984999999992"
"VDC","VDC41874","16.8363800000000019 , 100.237973333333315"
"VDC","VDC41877","0 , 0"
"VDC","VDC41898","0 , 0"
"VDC","VDC41899","9.9785733333333333 , 99.0666333333333284"
"VDC","VDC419","13.3921333333333337 , 99.9493133333333361"
"VDC","VDC41906","16.5454983333333345 , 104.715620000000001"
"VDC","VDC41914","13.6448033333333338 , 100.582823333333337"
"VDC","VDC4192","0 , 0"
"VDC","VDC41921","13.0374433333333322 , 101.136015000000015"
"VDC","VDC42106","0 , 0"
"VDC","VDC42308","0 , 0"
"VDC","VDC42320","0 , 0"
"VDC","VDC42323","0 , 0"
"VDC","VDC42341","0 , 0"
"VDC","VDC42443","14.6709583333333331 , 103.350570000000005"
"VDC","VDC42550","0 , 0"
"VDC","VDC42561","0 , 0"
"VDC","VDC42562","17.0056933333333333 , 101.365821666666676"
"VDC","VDC42563","16.407983333333334 , 101.198633333333333"
"VDC","VDC42564","0 , 0"
"VDC","VDC42569","16.1763933333333334 , 101.084056666666669"
"VDC","VDC42572","16.4363366666666657 , 101.14511499999999"
"VDC","VDC42575","0 , 0"
"VDC","VDC42577","0 , 0"
"VDC","VDC42578","0 , 0"
"VDC","VDC42582","0 , 0"
"VDC","VDC42589","0 , 0"
"VDC","VDC42661","0 , 0"
"VDC","VDC42679","0 , 0"
"VDC","VDC42811","8.01908666666666825 , 98.9915633333333318"
"VDC","VDC42893","0 , 0"
"VDC","VDC42933","0 , 0"
"VDC","VDC42954","0 , 0"
"VDC","VDC431","14.0350959 , 100.766160999999997"
"VDC","VDC43224","8.22921833333333375 , 98.35104166666666"
"VDC","VDC43343","0 , 0"
"VDC","VDC43351","15.0457183333333315 , 100.171141666666671"
"VDC","VDC43376","0 , 0"
"VDC","VDC43384","0 , 0"
"VDC","VDC43393","14.978629999999999 , 100.241749999999982"
"VDC","VDC43394","0 , 0"
"VDC","VDC43418","0 , 0"
"VDC","VDC43472","0 , 0"
"VDC","VDC43501","13.6180899999999987 , 100.271115000000009"
"VDC","VDC43578","15.8674483333333338 , 102.231264999999979"
"VDC","VDC43597","16.6329483333333314 , 100.992415000000008"
"VDC","VDC43599","0 , 0"
"VDC","VDC43610","14.8927916666666693 , 101.767773333333324"
"VDC","VDC43627","0 , 0"
"VDC","VDC4364","0 , 0"
"VDC","VDC43720","0 , 0"
"VDC","VDC43783","0 , 0"
"VDC","VDC43828","0 , 0"
"VDC","VDC43839","0 , 0"
"VDC","VDC43918","0 , 0"
"VDC","VDC43931","0 , 0"
"VDC","VDC44069","0 , 0"
"VDC","VDC44085","0 , 0"
"VDC","VDC44113","0 , 0"
"VDC","VDC44133","0 , 0"
"VDC","VDC44181","0 , 0"
"VDC","VDC44278","0 , 0"
"VDC","VDC44372","18.1625983333333352 , 103.373310000000004"
"VDC","VDC44388","0 , 0"
"VDC","VDC44535","0 , 0"
"VDC","VDC44537","0 , 0"
"VDC","VDC44539","0 , 0"
"VDC","VDC44540","8.37543333333333173 , 98.7442800000000176"
"VDC","VDC44541","0 , 0"
"VDC","VDC44542","0 , 0"
"VDC","VDC44546","0 , 0"
"VDC","VDC44550","13.655148333333333 , 100.429588333333328"
"VDC","VDC44569","13.9655183333333337 , 100.963186666666658"
"VDC","VDC44591","0 , 0"
"VDC","VDC44597","0 , 0"
"VDC","VDC44598","0 , 0"
"VDC","VDC44816","0 , 0"
"VDC","VDC44866","0 , 0"
"VDC","VDC44913","0 , 0"
"VDC","VDC44958","0 , 0"
"VDC","VDC44994","0 , 0"
"VDC","VDC45049","0 , 0"
"VDC","VDC45065","0 , 0"
"VDC","VDC45070","0 , 0"
"VDC","VDC45223","0 , 0"
"VDC","VDC45227","0 , 0"
"VDC","VDC45264","14.0830550000000017 , 100.301311666666663"
"VDC","VDC45290","0 , 0"
"VDC","VDC45298","0 , 0"
"VDC","VDC45301","0 , 0"
"VDC","VDC45310","0 , 0"
"VDC","VDC45324","0 , 0"
"VDC","VDC45354","0 , 0"
"VDC","VDC45359","13.6015766666666647 , 100.506755000000013"
"VDC","VDC45370","0 , 0"
"VDC","VDC45371","13.8739966666666685 , 99.821425000000005"
"VDC","VDC45372","0 , 0"
"VDC","VDC45373","0 , 0"
"VDC","VDC45380","13.395838333333332 , 101.11798166666668"
"VDC","VDC45385","0 , 0"
"VDC","VDC45387","0 , 0"
"VDC","VDC45394","13.4104949999999992 , 101.065398333333334"
"VDC","VDC45404","12.6811899999999991 , 101.034474999999986"
"VDC","VDC45405","13.3280266666666645 , 100.962311666666665"
"VDC","VDC45408","0 , 0"
"VDC","VDC45409","0 , 0"
"VDC","VDC45420","0 , 0"
"VDC","VDC45421","0 , 0"
"VDC","VDC45422","14.4299499999999998 , 102.463386666666665"
"VDC","VDC45428","0 , 0"
"VDC","VDC45433","0 , 0"
"VDC","VDC45434","13.7721700000000009 , 100.426795000000013"
"VDC","VDC45436","0 , 0"
"VDC","VDC45437","0 , 0"
"VDC","VDC45462","0 , 0"
"VDC","VDC45638","0 , 0"
"VDC","VDC45640","0 , 0"
"VDC","VDC45641","0 , 0"
"VDC","VDC45642","0 , 0"
"VDC","VDC45647","0 , 0"
"VDC","VDC45648","16.7738533333333315 , 101.243581666666671"
"VDC","VDC45650","16.6354466666666667 , 101.215555000000009"
"VDC","VDC45651","0 , 0"
"VDC","VDC45658","16.7801833333333335 , 101.246140000000011"
"VDC","VDC45669","0 , 0"
"VDC","VDC45670","16.5830649999999977 , 101.202730000000003"
"VDC","VDC45671","0 , 0"
"VDC","VDC45680","0 , 0"
"VDC","VDC45687","0 , 0"
"VDC","VDC45711","0 , 0"
"VDC","VDC45760","17.3975883333333314 , 102.78799166666667"
"VDC","VDC45824","0 , 0"
"VDC","VDC45843","0 , 0"
"VDC","VDC45856","0 , 0"
"VDC","VDC45863","0 , 0"
"VDC","VDC45935","0 , 0"
"VDC","VDC46003","0 , 0"
"VDC","VDC46062","13.7446166666666656 , 100.591778333333338"
"VDC","VDC46095","14.8486899999999995 , 100.668701666666678"
"VDC","VDC46256","0 , 0"
"VDC","VDC46335","0 , 0"
"VDC","VDC46388","0 , 0"
"VDC","VDC46394","8.38461000000000034 , 98.3626033333333254"
"VDC","VDC46427","0 , 0"
"VDC","VDC46460","0 , 0"
"VDC","VDC46477","0 , 0"
"VDC","VDC46525","0 , 0"
"VDC","VDC46535","0 , 0"
"VDC","VDC46544","0 , 0"
"VDC","VDC46555","0 , 0"
"VDC","VDC46571","0 , 0"
"VDC","VDC46625","12.5613250000000001 , 99.9555849999999992"
"VDC","VDC46629","13.8904916666666658 , 100.687026666666682"
"VDC","VDC46637","0 , 0"
"VDC","VDC46639","14.338971666666664 , 100.60052499999999"
"VDC","VDC46640","0 , 0"
"VDC","VDC46653","0 , 0"
"VDC","VDC46655","7.69007833333333402 , 100.004378333333321"
"VDC","VDC46658","0 , 0"
"VDC","VDC46667","0 , 0"
"VDC","VDC46670","0 , 0"
"VDC","VDC46822","0 , 0"
"VDC","VDC46842","15.3320733333333354 , 102.17488166666665"
"VDC","VDC46937","0 , 0"
"VDC","VDC46941","0 , 0"
"VDC","VDC46948","13.6874016666666645 , 100.426474999999996"
"VDC","VDC46950","0 , 0"
"VDC","VDC46958","0 , 0"
"VDC","VDC46987","0 , 0"
"VDC","VDC46995","0 , 0"
"VDC","VDC47046","0 , 0"
"VDC","VDC47070","12.6000333333333323 , 99.9418266666666568"
"VDC","VDC47093","0 , 0"
"VDC","VDC47171","13.651091666666666 , 100.448024999999987"
"VDC","VDC47203","0 , 0"
"VDC","VDC47260","0 , 0"
"VDC","VDC47266","14.914081666666668 , 100.467085000000012"
"VDC","VDC47282","0 , 0"
"VDC","VDC47359","0 , 0"
"VDC","VDC47374","0 , 0"
"VDC","VDC47417","0 , 0"
"VDC","VDC47440","0 , 0"
"VDC","VDC47535","0 , 0"
"VDC","VDC47564","14.7189366666666661 , 98.6576666666666569"
"VDC","VDC47636","14.6090199999999975 , 102.028745000000015"
"VDC","VDC47673","0 , 0"
"VDC","VDC47694","0 , 0"
"VDC","VDC47766","0 , 0"
"VDC","VDC47821","0 , 0"
"VDC","VDC47823","0 , 0"
"VDC","VDC47916","15.0378816666666655 , 100.543989999999994"
"VDC","VDC47922","0 , 0"
"VDC","VDC48028","0 , 0"
"VDC","VDC48048","0 , 0"
"VDC","VDC48057","13.6103516666666682 , 100.212681666666654"
"VDC","VDC48061","0 , 0"
"VDC","VDC48071","0 , 0"
"VDC","VDC48075","0 , 0"
"VDC","VDC48166","16.8017366666666668 , 104.009896666666677"
"VDC","VDC48206","0 , 0"
"VDC","VDC48255","14.0707383333333347 , 99.4911300000000125"
"VDC","VDC48262","13.8284666666666674 , 99.9392966666666638"
"VDC","VDC48282","14.0263883333333332 , 99.5444866666666712"
"VDC","VDC48292","0 , 0"
"VDC","VDC48342","0 , 0"
"VDC","VDC48358","0 , 0"
"VDC","VDC48380","0 , 0"
"VDC","VDC48403","0 , 0"
"VDC","VDC48415","0 , 0"
"VDC","VDC48417","0 , 0"
"VDC","VDC48423","0 , 0"
"VDC","VDC48449","0 , 0"
"VDC","VDC48496","0 , 0"
"VDC","VDC48520","0 , 0"
"VDC","VDC48532","0 , 0"
"VDC","VDC48555","0 , 0"
"VDC","VDC48642","0 , 0"
"VDC","VDC48700","9.41529833333333421 , 99.0037166666666621"
"VDC","VDC48704","0 , 0"
"VDC","VDC48706","0 , 0"
"VDC","VDC48708","0 , 0"
"VDC","VDC48759","9.06238833333333282 , 99.8358249999999856"
"VDC","VDC48792","0 , 0"
"VDC","VDC48883","0 , 0"
"VDC","VDC48989","8.57698333333333451 , 98.9199383333333202"
"VDC","VDC49096","0 , 0"
"VDC","VDC49120","0 , 0"
"VDC","VDC49130","0 , 0"
"VDC","VDC49228","13.810928333333333 , 99.9354216666666559"
"VDC","VDC49236","0 , 0"
"VDC","VDC49243","13.9858849999999997 , 99.702446666666674"
"VDC","VDC49259","0 , 0"
"VDC","VDC4936","15.9094916666666677 , 103.544029999999992"
"VDC","VDC49371","0 , 0"
"VDC","VDC49435","0 , 0"
"VDC","VDC49477","0 , 0"
"VDC","VDC49511","0 , 0"
"VDC","VDC49530","16.794158333333332 , 101.285251666666682"
"VDC","VDC49543","0 , 0"
"VDC","VDC49551","0 , 0"
"VDC","VDC49554","0 , 0"
"VDC","VDC49556","0 , 0"
"VDC","VDC49558","0 , 0"
"VDC","VDC49577","16.727528333333332 , 101.274053333333327"
"VDC","VDC49591","15.2230466666666686 , 104.323855000000009"
"VDC","VDC49608","0 , 0"
"VDC","VDC49610","16.7635783333333315 , 101.170233333333329"
"VDC","VDC49612","0 , 0"
"VDC","VDC49621","14.0593100000000018 , 99.4944283333333317"
"VDC","VDC49640","0 , 0"
"VDC","VDC49673","15.1946083333333331 , 102.107506666666666"
"VDC","VDC49682","14.7466666666666661 , 98.6329666666666469"
"VDC","VDC49735","0 , 0"
"VDC","VDC49769","0 , 0"
"VDC","VDC49853","0 , 0"
"VDC","VDC49900","0 , 0"
"VDC","VDC49985","0 , 0"
"VDC","VDC50083","0 , 0"
"VDC","VDC50230","0 , 0"
"VDC","VDC50252","0 , 0"
"VDC","VDC50257","0 , 0"
"VDC","VDC50409","0 , 0"
"VDC","VDC50459","0 , 0"
"VDC","VDC50469","0 , 0"
"VDC","VDC50470","0 , 0"
"VDC","VDC50535","0 , 0"
"VDC","VDC50574","0 , 0"
"VDC","VDC50616","0 , 0"
"VDC","VDC50701","0 , 0"
"VDC","VDC50827","0 , 0"
"VDC","VDC50837","0 , 0"
"VDC","VDC51020","0 , 0"
"VDC","VDC51023","0 , 0"
"VDC","VDC51136","0 , 0"
"VDC","VDC51217","0 , 0"
"VDC","VDC51254","0 , 0"
"VDC","VDC51271","0 , 0"
"VDC","VDC51286","0 , 0"
"VDC","VDC51293","14.5264833333333332 , 100.911371666666668"
"VDC","VDC51380","0 , 0"
"VDC","VDC51444","0 , 0"
"VDC","VDC51483","0 , 0"
"VDC","VDC51508","0 , 0"
"VDC","VDC5160","17.3916616666666677 , 102.791314999999997"
"VDC","VDC51641","0 , 0"
"VDC","VDC51671","0 , 0"
"VDC","VDC51676","14.0116399999999999 , 99.547923333333344"
"VDC","VDC51719","0 , 0"
"VDC","VDC51819","16.8556666666666644 , 100.27230666666668"
"VDC","VDC51857","0 , 0"
"VDC","VDC51859","14.9733783333333346 , 103.467636666666664"
"VDC","VDC51944","0 , 0"
"VDC","VDC51969","0 , 0"
"VDC","VDC52173","0 , 0"
"VDC","VDC52183","0 , 0"
"VDC","VDC52188","0 , 0"
"VDC","VDC52189","0 , 0"
"VDC","VDC52191","0 , 0"
"VDC","VDC52196","0 , 0"
"VDC","VDC52201","0 , 0"
"VDC","VDC52202","0 , 0"
"VDC","VDC52212","0 , 0"
"VDC","VDC52213","0 , 0"
"VDC","VDC52216","16.0563149999999979 , 101.131293333333332"
"VDC","VDC52275","0 , 0"
"VDC","VDC52453","0 , 0"
"VDC","VDC52514","0 , 0"
"VDC","VDC52533","0 , 0"
"VDC","VDC52545","0 , 0"
"VDC","VDC52658","0 , 0"
"VDC","VDC52731","0 , 0"
"VDC","VDC52733","0 , 0"
"VDC","VDC52735","0 , 0"
"VDC","VDC52739","0 , 0"
"VDC","VDC52810","0 , 0"
"VDC","VDC52921","0 , 0"
"VDC","VDC52953","0 , 0"
"VDC","VDC53004","7.75956000000000046 , 100.060333333333347"
"VDC","VDC53111","0 , 0"
"VDC","VDC53144","0 , 0"
"VDC","VDC53169","0 , 0"
"VDC","VDC53234","0 , 0"
"VDC","VDC53240","0 , 0"
"VDC","VDC53383","0 , 0"
"VDC","VDC53496","0 , 0"
"VDC","VDC53512","0 , 0"
"VDC","VDC53551","0 , 0"
"VDC","VDC53601","0 , 0"
"VDC","VDC537","0 , 0"
"VDC","VDC53705","0 , 0"
"VDC","VDC53740","0 , 0"
"VDC","VDC53763","13.847176666666666 , 99.8339299999999952"
"VDC","VDC53768","0 , 0"
"VDC","VDC53862","0 , 0"
"VDC","VDC53939","0 , 0"
"VDC","VDC53944","0 , 0"
"VDC","VDC54263","0 , 0"
"VDC","VDC54423","0 , 0"
"VDC","VDC54451","0 , 0"
"VDC","VDC5446","17.3274766666666657 , 104.041139999999999"
"VDC","VDC54586","0 , 0"
"VDC","VDC54767","0 , 0"
"VDC","VDC54789","0 , 0"
"VDC","VDC54817","0 , 0"
"VDC","VDC54915","0 , 0"
"VDC","VDC54983","0 , 0"
"VDC","VDC55006","0 , 0"
"VDC","VDC55029","0 , 0"
"VDC","VDC55201","0 , 0"
"VDC","VDC55209","0 , 0"
"VDC","VDC55263","0 , 0"
"VDC","VDC55402","0 , 0"
"VDC","VDC55431","0 , 0"
"VDC","VDC55520","0 , 0"
"VDC","VDC55536","0 , 0"
"VDC","VDC55600","0 , 0"
"VDC","VDC55673","0 , 0"
"VDC","VDC55765","0 , 0"
"VDC","VDC55793","0 , 0"
"VDC","VDC55972","0 , 0"
"VDC","VDC55984","0 , 0"
"VDC","VDC56000","15.9822049999999987 , 103.650549999999996"
"VDC","VDC5605","0 , 0"
"VDC","VDC56061","0 , 0"
"VDC","VDC56069","14.0356983333333343 , 99.5600099999999912"
"VDC","VDC56079","0 , 0"
"VDC","VDC56093","0 , 0"
"VDC","VDC56098","0 , 0"
"VDC","VDC56104","0 , 0"
"VDC","VDC56110","0 , 0"
"VDC","VDC56146","0 , 0"
"VDC","VDC5615","14.0019833333333317 , 100.614729999999994"
"VDC","VDC56159","0 , 0"
"VDC","VDC56160","0 , 0"
"VDC","VDC56233","14.8178666666666654 , 101.303153333333341"
"VDC","VDC5624","0 , 0"
"VDC","VDC5628","0 , 0"
"VDC","VDC5633","17.6916416666666656 , 103.257788333333338"
"VDC","VDC5635","0 , 0"
"VDC","VDC56355","0 , 0"
"VDC","VDC56439","0 , 0"
"VDC","VDC56445","0 , 0"
"VDC","VDC56530","0 , 0"
"VDC","VDC5655","12.8762966666666667 , 101.09181333333332"
"VDC","VDC5661","0 , 0"
"VDC","VDC5662","0 , 0"
"VDC","VDC56647","0 , 0"
"VDC","VDC56711","0 , 0"
"VDC","VDC57026","17.1951766666666686 , 99.7781500000000108"
"VDC","VDC57210","0 , 0"
"VDC","VDC57254","0 , 0"
"VDC","VDC5728","0 , 0"
"VDC","VDC57306","16.6100250000000003 , 100.350361666666657"
"VDC","VDC57320","0 , 0"
"VDC","VDC57359","0 , 0"
"VDC","VDC57549","0 , 0"
"VDC","VDC57607","0 , 0"
"VDC","VDC57612","-8.59687333333333292 , -162.614868333333305"
"VDC","VDC57628","0 , 0"
"VDC","VDC57631","0 , 0"
"VDC","VDC57917","0 , 0"
"VDC","VDC58011","0 , 0"
"VDC","VDC58023","0 , 0"
"VDC","VDC58158","0 , 0"
"VDC","VDC58752","0 , 0"
"VDC","VDC58776","0 , 0"
"VDC","VDC58787","0 , 0"
"VDC","VDC58903","0 , 0"
"VDC","VDC58930","16.4307183333333349 , 101.15103666666667"
"VDC","VDC58942","0 , 0"
"VDC","VDC58950","0 , 0"
"VDC","VDC58951","0 , 0"
"VDC","VDC58954","15.6182483333333337 , 100.994280000000018"
"VDC","VDC58981","0 , 0"
"VDC","VDC59103","0 , 0"
"VDC","VDC59269","0 , 0"
"VDC","VDC59329","0 , 0"
"VDC","VDC59378","0 , 0"
"VDC","VDC59444","0 , 0"
"VDC","VDC59482","12.6656233333333343 , 99.7992783333333477"
"VDC","VDC59564","0 , 0"
"VDC","VDC59576","0 , 0"
"VDC","VDC59577","0 , 0"
"VDC","VDC59583","13.586764999999998 , 100.696909999999988"
"VDC","VDC59620","0 , 0"
"VDC","VDC59624","13.9875516666666648 , 100.609956666666676"
"VDC","VDC59626","0 , 0"
"VDC","VDC59629","0 , 0"
"VDC","VDC59635","0 , 0"
"VDC","VDC59657","17.227176666666665 , 104.45842833333333"
"VDC","VDC59797","0 , 0"
"VDC","VDC59834","0 , 0"
"VDC","VDC59865","0 , 0"
"VDC","VDC59878","0 , 0"
"VDC","VDC59953","14.2460450000000005 , 99.5268383333333446"
"VDC","VDC59958","0 , 0"
"VDC","VDC59968","6.56159666666666652 , 101.039584999999988"
"VDC","VDC60008","0 , 0"
"VDC","VDC60058","0 , 0"
"VDC","VDC60093","0 , 0"
"VDC","VDC60096","0 , 0"
"VDC","VDC60109","0 , 0"
"VDC","VDC60110","0 , 0"
"VDC","VDC60185","0 , 0"
"VDC","VDC60252","15.7299249999999997 , 103.064831666666663"
"VDC","VDC60269","0 , 0"
"VDC","VDC60327","0 , 0"
"VDC","VDC60357","0 , 0"
"VDC","VDC60359","0 , 0"
"VDC","VDC60453","0 , 0"
"VDC","VDC60461","0 , 0"
"VDC","VDC60478","0 , 0"
"VDC","VDC60527","0 , 0"
"VDC","VDC60551","0 , 0"
"VDC","VDC60612","0 , 0"
"VDC","VDC60613","0 , 0"
"VDC","VDC60643","17.315764999999999 , 104.791176666666672"
"VDC","VDC60702","0 , 0"
"VDC","VDC60792","0 , 0"
"VDC","VDC60826","0 , 0"
"VDC","VDC60952","0 , 0"
"VDC","VDC60960","0 , 0"
"VDC","VDC60995","15.7297883333333335 , 103.448231666666658"
"VDC","VDC61007","0 , 0"
"VDC","VDC61012","0 , 0"
"VDC","VDC61182","0 , 0"
"VDC","VDC61217","0 , 0"
"VDC","VDC61225","13.9101949999999981 , 99.6036566666666658"
"VDC","VDC61262","0 , 0"
"VDC","VDC61331","0 , 0"
"VDC","VDC61395","15.1500149999999998 , 103.541213333333332"
"VDC","VDC61406","17.6537700000000015 , 103.072726666666682"
"VDC","VDC61422","0 , 0"
"VDC","VDC61672","0 , 0"
"VDC","VDC61821","0 , 0"
"VDC","VDC61838","0 , 0"
"VDC","VDC620","16.3226900000000015 , 103.298863333333344"
"VDC","VDC62110","0 , 0"
"VDC","VDC62135","0 , 0"
"VDC","VDC62307","13.6514950000000006 , 100.406186666666656"
"VDC","VDC62312","0 , 0"
"VDC","VDC62314","0 , 0"
"VDC","VDC62321","0 , 0"
"VDC","VDC62333","0 , 0"
"VDC","VDC62335","0 , 0"
"VDC","VDC62339","0 , 0"
"VDC","VDC62347","0 , 0"
"VDC","VDC62348","0 , 0"
"VDC","VDC62353","0 , 0"
"VDC","VDC62356","0 , 0"
"VDC","VDC62357","0 , 0"
"VDC","VDC62369","0 , 0"
"VDC","VDC62478","0 , 0"
"VDC","VDC62490","0 , 0"
"VDC","VDC62522","0 , 0"
"VDC","VDC62578","0 , 0"
"VDC","VDC62656","0 , 0"
"VDC","VDC62704","0 , 0"
"VDC","VDC62711","0 , 0"
"VDC","VDC62726","13.554926666666665 , 100.270515000000003"
"VDC","VDC62727","0 , 0"
"VDC","VDC62738","0 , 0"
"VDC","VDC62763","0 , 0"
"VDC","VDC62777","0 , 0"
"VDC","VDC62797","0 , 0"
"VDC","VDC62801","0 , 0"
"VDC","VDC62811","0 , 0"
"VDC","VDC62904","0 , 0"
"VDC","VDC62929","0 , 0"
"VDC","VDC62950","0 , 0"
"VDC","VDC63047","0 , 0"
"VDC","VDC63132","0 , 0"
"VDC","VDC63151","0 , 0"
"VDC","VDC63222","0 , 0"
"VDC","VDC63230","0 , 0"
"VDC","VDC63271","0 , 0"
"VDC","VDC6335","0 , 0"
"VDC","VDC63371","0 , 0"
"VDC","VDC63377","0 , 0"
"VDC","VDC63378","0 , 0"
"VDC","VDC63387","0 , 0"
"VDC","VDC63388","13.4534199999999995 , 101.043956600000001"
"VDC","VDC63404","0 , 0"
"VDC","VDC63408","0 , 0"
"VDC","VDC63411","0 , 0"
"VDC","VDC63502","0 , 0"
"VDC","VDC63505","0 , 0"
"VDC","VDC63542","0 , 0"
"VDC","VDC63607","0 , 0"
"VDC","VDC63728","0 , 0"
"VDC","VDC63858","0 , 0"
"VDC","VDC63906","0 , 0"
"VDC","VDC63951","0 , 0"
"VDC","VDC63955","0 , 0"
"VDC","VDC63995","0 , 0"
"VDC","VDC64011","0 , 0"
"VDC","VDC64056","0 , 0"
"VDC","VDC64079","8.18259499999999917 , 100.184635000000014"
"VDC","VDC64183","0 , 0"
"VDC","VDC64260","0 , 0"
"VDC","VDC64339","0 , 0"
"VDC","VDC64383","0 , 0"
"VDC","VDC64396","0 , 0"
"VDC","VDC64429","0 , 0"
"VDC","VDC64456","0 , 0"
"VDC","VDC64513","0 , 0"
"VDC","VDC64516","0 , 0"
"VDC","VDC64525","6.60214666666666616 , 100.872084999999998"
"VDC","VDC64545","0 , 0"
"VDC","VDC64557","0 , 0"
"VDC","VDC64676","0 , 0"
"VDC","VDC64778","0 , 0"
"VDC","VDC64779","0 , 0"
"VDC","VDC64785","0 , 0"
"VDC","VDC64787","0 , 0"
"VDC","VDC64811","0 , 0"
"VDC","VDC64812","0 , 0"
"VDC","VDC64826","0 , 0"
"VDC","VDC64830","0 , 0"
"VDC","VDC64835","0 , 0"
"VDC","VDC64838","0 , 0"
"VDC","VDC64839","0 , 0"
"VDC","VDC64853","0 , 0"
"VDC","VDC64867","13.8504533333333324 , 100.652258333333336"
"VDC","VDC64873","0 , 0"
"VDC","VDC64915","0 , 0"
"VDC","VDC64985","0 , 0"
"VDC","VDC65060","0 , 0"
"VDC","VDC65074","0 , 0"
"VDC","VDC65089","0 , 0"
"VDC","VDC65133","0 , 0"
"VDC","VDC65136","0 , 0"
"VDC","VDC65215","0 , 0"
"VDC","VDC65266","0 , 0"
"VDC","VDC65463","0 , 0"
"VDC","VDC65469","0 , 0"
"VDC","VDC65561","0 , 0"
"VDC","VDC65597","0 , 0"
"VDC","VDC65600","0 , 0"
"VDC","VDC65635","0 , 0"
"VDC","VDC65644","0 , 0"
"VDC","VDC65780","0 , 0"
"VDC","VDC65828","0 , 0"
"VDC","VDC65830","13.4428233000000006 , 101.034984899999998"
"VDC","VDC65831","0 , 0"
"VDC","VDC65835","0 , 0"
"VDC","VDC65839","0 , 0"
"VDC","VDC66001","0 , 0"
"VDC","VDC66018","0 , 0"
"VDC","VDC66042","0 , 0"
"VDC","VDC66118","0 , 0"
"VDC","VDC66157","0 , 0"
"VDC","VDC66226","0 , 0"
"VDC","VDC66256","0 , 0"
"VDC","VDC66373","0 , 0"
"VDC","VDC6640","14.0623533333333324 , 99.9835783333333268"
"VDC","VDC66519","0 , 0"
"VDC","VDC66535","0 , 0"
"VDC","VDC66708","0 , 0"
"VDC","VDC66728","0 , 0"
"VDC","VDC66787","0 , 0"
"VDC","VDC66801","0 , 0"
"VDC","VDC66807","0 , 0"
"VDC","VDC66825","0 , 0"
"VDC","VDC66826","0 , 0"
"VDC","VDC66829","0 , 0"
"VDC","VDC66910","0 , 0"
"VDC","VDC66940","0 , 0"
"VDC","VDC66996","0 , 0"
"VDC","VDC67000","0 , 0"
"VDC","VDC67046","0 , 0"
"VDC","VDC67080","0 , 0"
"VDC","VDC67142","0 , 0"
"VDC","VDC67216","0 , 0"
"VDC","VDC67271","11.7433783333333324 , 99.7897466666666588"
"VDC","VDC67282","0 , 0"
"VDC","VDC67290","0 , 0"
"VDC","VDC67313","0 , 0"
"VDC","VDC67318","0 , 0"
"VDC","VDC67337","0 , 0"
"VDC","VDC67391","0 , 0"
"VDC","VDC67399","0 , 0"
"VDC","VDC67404","0 , 0"
"VDC","VDC67418","0 , 0"
"VDC","VDC67523","0 , 0"
"VDC","VDC67524","0 , 0"
"VDC","VDC67544","0 , 0"
"VDC","VDC67546","0 , 0"
"VDC","VDC67560","0 , 0"
"VDC","VDC67712","0 , 0"
"VDC","VDC67714","0 , 0"
"VDC","VDC67715","0 , 0"
"VDC","VDC67717","0 , 0"
"VDC","VDC67747","0 , 0"
"VDC","VDC67772","0 , 0"
"VDC","VDC67785","0 , 0"
"VDC","VDC67936","0 , 0"
"VDC","VDC68116","0 , 0"
"VDC","VDC68242","0 , 0"
"VDC","VDC68293","0 , 0"
"VDC","VDC68355","0 , 0"
"VDC","VDC68469","0 , 0"
"VDC","VDC68516","0 , 0"
"VDC","VDC68517","0 , 0"
"VDC","VDC68525","0 , 0"
"VDC","VDC68536","0 , 0"
"VDC","VDC68542","0 , 0"
"VDC","VDC68547","0 , 0"
"VDC","VDC68560","14.992799999999999 , 104.381429999999995"
"VDC","VDC68606","0 , 0"
"VDC","VDC68610","0 , 0"
"VDC","VDC68670","0 , 0"
"VDC","VDC68691","0 , 0"
"VDC","VDC68727","0 , 0"
"VDC","VDC68757","0 , 0"
"VDC","VDC68791","0 , 0"
"VDC","VDC68819","13.057498333333335 , 99.9238200000000063"
"VDC","VDC68825","0 , 0"
"VDC","VDC68829","0 , 0"
"VDC","VDC68890","16.8027983333333317 , 100.027344999999997"
"VDC","VDC68917","0 , 0"
"VDC","VDC68942","0 , 0"
"VDC","VDC68948","0 , 0"
"VDC","VDC68977","14.5798433333333346 , 100.998299999999986"
"VDC","VDC68988","0 , 0"
"VDC","VDC69060","0 , 0"
"VDC","VDC69071","0 , 0"
"VDC","VDC69080","0 , 0"
"VDC","VDC69081","0 , 0"
"VDC","VDC69083","0 , 0"
"VDC","VDC69086","0 , 0"
"VDC","VDC69138","0 , 0"
"VDC","VDC69155","0 , 0"
"VDC","VDC69169","0 , 0"
"VDC","VDC69197","13.0982116666666677 , 99.9577599999999933"
"VDC","VDC69200","0 , 0"
"VDC","VDC69245","8.23967500000000008 , 100.018618333333322"
"VDC","VDC69252","0 , 0"
"VDC","VDC69281","13.4030300000000011 , 100.005499999999998"
"VDC","VDC69331","0 , 0"
"VDC","VDC69339","0 , 0"
"VDC","VDC69348","0 , 0"
"VDC","VDC69353","0 , 0"
"VDC","VDC69364","0 , 0"
"VDC","VDC69418","0 , 0"
"VDC","VDC69429","0 , 0"
"VDC","VDC69465","0 , 0"
"VDC","VDC69488","0 , 0"
"VDC","VDC69576","0 , 0"
"VDC","VDC69584","12.9971333333333323 , 101.222148333333337"
"VDC","VDC69707","0 , 0"
"VDC","VDC69712","0 , 0"
"VDC","VDC69775","0 , 0"
"VDC","VDC69779","0 , 0"
"VDC","VDC69814","0 , 0"
"VDC","VDC69818","15.2538649999999993 , 104.828851666666679"
"VDC","VDC69849","0 , 0"
"VDC","VDC69892","0 , 0"
"VDC","VDC69899","0 , 0"
"VDC","VDC69936","0 , 0"
"VDC","VDC69965","0 , 0"
"VDC","VDC69985","13.6604366666666657 , 100.276310000000009"
"VDC","VDC70019","0 , 0"
"VDC","VDC70166","0 , 0"
"VDC","VDC70178","0 , 0"
"VDC","VDC70204","0 , 0"
"VDC","VDC70300","0 , 0"
"VDC","VDC70303","0 , 0"
"VDC","VDC70389","0 , 0"
"VDC","VDC70429","0 , 0"
"VDC","VDC70679","0 , 0"
"VDC","VDC70795","0 , 0"
"VDC","VDC70875","0 , 0"
"VDC","VDC70878","0 , 0"
"VDC","VDC70965","0 , 0"
"VDC","VDC71015","0 , 0"
"VDC","VDC71059","0 , 0"
"VDC","VDC71179","0 , 0"
"VDC","VDC71183","0 , 0"
"VDC","VDC71226","0 , 0"
"VDC","VDC71475","0 , 0"
"VDC","VDC71714","0 , 0"
"VDC","VDC71787","0 , 0"
"VDC","VDC71789","13.452515 , 101.043496599999997"
"VDC","VDC71790","0 , 0"
"VDC","VDC71791","0 , 0"
"VDC","VDC71792","0 , 0"
"VDC","VDC71793","0 , 0"
"VDC","VDC71795","13.4531016000000001 , 101.043356599999996"
"VDC","VDC71796","0 , 0"
"VDC","VDC71797","13.4303299999999997 , 101.013888300000005"
"VDC","VDC71798","0 , 0"
"VDC","VDC71800","0 , 0"
"VDC","VDC71888","0 , 0"
"VDC","VDC71938","0 , 0"
"VDC","VDC71998","0 , 0"
"VDC","VDC72012","0 , 0"
"VDC","VDC72076","0 , 0"
"VDC","VDC72140","0 , 0"
"VDC","VDC72243","0 , 0"
"VDC","VDC7241","13.5211616666666679 , 100.645076666666654"
"VDC","VDC72559","0 , 0"
"VDC","VDC72859","0 , 0"
"VDC","VDC72860","0 , 0"
"VDC","VDC72862","0 , 0"
"VDC","VDC72872","0 , 0"
"VDC","VDC7480","13.9198800000000009 , 101.629886666666664"
"VDC","VDC8308","0 , 0"
"VDC","VDC8505","0 , 0"
"VDC","VDC8602","17.7421100000000003 , 100.449648333333329"
"VDC","VDC8604","0 , 0"
"VDC","VDC8607","14.370586666666668 , 101.850178333333346"
"VDC","VDC8743","0 , 0"
"VDC","VDC9383","0 , 0"
"VDP","VFE1002","14.0016326400000004 , 100.694337399999995"
"VDP","VFE1015","14.2340423400000002 , 100.694118410000002"
"VDP","VFE1044","14.7818012799999998 , 100.686768920000006"
"VDP","VFE1049","13.9906086300000005 , 100.615624890000007"
"VDP","VFE106","13.5855447399999996 , 100.751022980000002"
"VDP","VFE1068","13.9359270500000001 , 100.453852679999997"
"VDP","VFE1071","13.8800355199999998 , 100.410066799999996"
"VDP","VFE1072","13.8824779300000003 , 100.407228349999997"
"VDP","VFE1073","13.7111294699999995 , 100.541738030000005"
"VDP","VFE1074","13.7204858099999996 , 100.565450440000006"
"VDP","VFE1083","13.6853604900000008 , 100.683885500000002"
"VDP","VFE1084","13.6085329000000002 , 100.762768739999999"
"VDP","VFE1085","13.6086479199999992 , 100.762685070000003"
"VDP","VFE1092","14.5975988999999995 , 101.041871299999997"
"VDP","VFE1097","13.6085637199999994 , 100.762701280000002"
"VDP","VFE1098","13.7038964799999992 , 100.357358649999995"
"VDP","VFE1099","13.7038897399999993 , 100.357345420000001"
"VDP","VFE1117","14.6597224900000001 , 101.394604760000007"
"VDP","VFE1143","13.6845381499999998 , 100.436512089999994"
"VDP","VFE1148","13.8296438399999992 , 100.558911010000003"
"VDP","VFE116","0 , 0"
"VDP","VFE120","0 , 0"
"VDP","VFE1209","13.7473794100000006 , 100.705347779999997"
"VDP","VFE121","0 , 0"
"VDP","VFE1222","13.7135333900000003 , 100.408188120000005"
"VDP","VFE1225","13.7127704399999999 , 100.40820162"
"VDP","VFE1230","13.7780092300000003 , 100.674093979999995"
"VDP","VFE1237","13.7658477900000005 , 100.584239890000006"
"VDP","VFE1238","13.8741127399999993 , 100.548578660000004"
"VDP","VFE124","0 , 0"
"VDP","VFE1258","13.7094032600000002 , 100.363446010000004"
"VDP","VFE1262","13.8774143599999995 , 100.579429419999997"
"VDP","VFE1267","13.6085235900000008 , 100.762693859999999"
"VDP","VFE1275","13.7341637599999995 , 100.605494070000006"
"VDP","VFE1276","13.7371709899999992 , 100.635753910000005"
"VDP","VFE1277","13.7659857500000005 , 100.653947439999996"
"VDP","VFE129","0 , 0"
"VDP","VFE1313","13.7482869700000006 , 100.323430799999997"
"VDP","VFE1320","13.7442952199999997 , 100.328272170000005"
"VDP","VFE1323","13.8234737299999999 , 100.592450389999996"
"VDP","VFE1327","12.6948533500000007 , 101.198578170000005"
"VDP","VFE1329","13.8964514300000008 , 100.555992419999995"
"VDP","VFE1342","13.6086213800000007 , 100.762768050000005"
"VDP","VFE1347","14.7023129299999997 , 101.462743880000005"
"VDP","VFE1353","13.7296923500000005 , 100.29857269"
"VDP","VFE1361","13.8648977000000002 , 100.520174800000007"
"VDP","VFE1377","13.6319316199999996 , 100.715224739999996"
"VDP","VFE138","13.7467640299999996 , 100.538016959999993"
"VDP","VFE1380","13.3562599199999994 , 100.982213529999996"
"VDP","VFE1384","13.7608318900000004 , 100.470040699999998"
"VDP","VFE1391","13.6425803200000004 , 100.632546610000006"
"VDP","VFE1401","12.9495912200000003 , 100.890073180000002"
"VDP","VFE1404","13.6355847600000004 , 100.632832640000004"
"VDP","VFE1417","13.6723862 , 100.472612429999998"
"VDP","VFE143","13.6966294600000005 , 100.540525919999993"
"VDP","VFE1430","13.7149043200000005 , 100.34552893"
"VDP","VFE1431","13.8044051099999994 , 100.614597450000005"
"VDP","VFE1433","13.5857756100000007 , 100.751025519999999"
"VDP","VFE1436","13.0410615399999994 , 101.081831410000007"
"VDP","VFE1440","13.5818657500000004 , 100.621521079999994"
"VDP","VFE1443","13.5858283499999999 , 100.750976559999998"
"VDP","VFE1457","13.74454025 , 100.545639809999997"
"VDP","VFE1459","13.6629324699999994 , 100.437650529999999"
"VDP","VFE1461","13.5857173099999997 , 100.751136259999996"
"VDP","VFE1464","13.5857371300000001 , 100.751032640000005"
"VDP","VFE1466","13.5857634100000002 , 100.751025810000002"
"VDP","VFE1468","13.5858896399999995 , 100.751137020000002"
"VDP","VFE1469","13.9077901500000003 , 100.387507869999993"
"VDP","VFE148","13.9469898299999997 , 100.375976600000001"
"VDP","VFE1491","14.0388606800000009 , 100.493565149999995"
"VDP","VFE1529","13.5858301899999994 , 100.750964670000002"
"VDP","VFE1558","13.5858469300000007 , 100.751222459999994"
"VDP","VFE1578","13.6680841900000001 , 100.486315059999995"
"VDP","VFE1579","13.6679888700000003 , 100.485696219999994"
"VDP","VFE1587","14.33101044 , 100.611510850000002"
"VDP","VFE1589","14.3318309799999994 , 100.611544969999997"
"VDP","VFE1594","14.3288604799999995 , 100.61096732"
"VDP","VFE1595","13.7479925299999994 , 100.48002812"
"VDP","VFE160","13.5986077499999993 , 100.7659041"
"VDP","VFE1608","13.6870136599999999 , 100.611625610000004"
"VDP","VFE161","13.5985331499999997 , 100.766233929999999"
"VDP","VFE1610","14.3314515900000004 , 100.608833239999996"
"VDP","VFE1614","13.6503026999999992 , 100.485010149999994"
"VDP","VFE1615","13.5859036599999996 , 100.750958830000002"
"VDP","VFE1616","13.8905919000000004 , 100.580689359999994"
"VDP","VFE1617","13.9640415400000002 , 100.734546600000002"
"VDP","VFE163","13.5986176699999994 , 100.765875469999997"
"VDP","VFE1632","13.5858290099999994 , 100.751094870000003"
"VDP","VFE1647","13.6675228700000009 , 100.442298120000004"
"VDP","VFE1648","13.8665132999999994 , 100.497858559999997"
"VDP","VFE1665","13.8560932700000006 , 100.679936240000004"
"VDP","VFE1669","13.8560233799999999 , 100.680918399999996"
"VDP","VFE1670","13.8552985700000004 , 100.68063909"
"VDP","VFE1673","12.8019285899999993 , 100.913138570000001"
"VDP","VFE1675","13.5859526699999993 , 100.751041999999998"
"VDP","VFE1681","13.657311 , 100.64859998"
"VDP","VFE1684","13.9041382599999999 , 100.527740750000007"
"VDP","VFE1686","14.4809008600000002 , 100.912100499999994"
"VDP","VFE1689","13.6943021399999996 , 100.408353669999997"
"VDP","VFE1690","13.7670691900000008 , 100.644336870000004"
"VDP","VFE1692","12.8303999500000003 , 101.129224280000003"
"VDP","VFE1693","13.8549061099999999 , 100.680836780000007"
"VDP","VFE1697","13.1241435499999994 , 100.917168579999995"
"VDP","VFE170","12.9472284299999991 , 100.889885410000005"
"VDP","VFE1717","13.7122390099999993 , 100.407775979999997"
"VDP","VFE1734","13.5857658699999995 , 100.7510738"
"VDP","VFE174","13.6678283100000009 , 100.485150849999997"
"VDP","VFE1742","13.5854796899999997 , 100.751010820000005"
"VDP","VFE1743","12.7401426600000001 , 101.080905310000006"
"VDP","VFE1747","13.0502346599999992 , 101.089137620000002"
"VDP","VFE1749","13.7305885500000002 , 100.585856379999996"
"VDP","VFE1757","13.7220427199999992 , 100.500565789999996"
"VDP","VFE1761","13.7116413599999998 , 100.408287209999997"
"VDP","VFE1768","13.7116297800000009 , 100.408317179999997"
"VDP","VFE1769","13.7118587400000003 , 100.408068040000003"
"VDP","VFE177","13.77860218 , 100.558711930000001"
"VDP","VFE1771","13.7115876399999994 , 100.408189329999999"
"VDP","VFE1783","14.5362801800000003 , 101.388255619999995"
"VDP","VFE1792","14.13436789 , 100.612663850000004"
"VDP","VFE1793","13.8518510599999995 , 100.530633080000001"
"VDP","VFE1798","13.6178303700000001 , 100.531444379999996"
"VDP","VFE180","13.8087420499999993 , 100.052061769999995"
"VDP","VFE1800","13.7272978400000003 , 100.586007879999997"
"VDP","VFE1803","13.6184491199999993 , 100.531335720000001"
"VDP","VFE1807","13.1193133999999993 , 100.907423949999995"
"VDP","VFE1809","13.7073412599999997 , 100.355363920000002"
"VDP","VFE181","13.6959138500000002 , 100.541002160000005"
"VDP","VFE1820","13.6329277300000005 , 100.431160039999995"
"VDP","VFE1840","13.5858157300000002 , 100.751121310000002"
"VDP","VFE1878","13.8329242099999998 , 100.616561500000003"
"VDP","VFE188","13.5986220099999997 , 100.766050129999996"
"VDP","VFE1890","13.7423756699999995 , 100.580636780000006"
"VDP","VFE1901","13.6639218699999994 , 100.628393579999994"
"VDP","VFE1902","13.7233623300000005 , 100.534762670000006"
"VDP","VFE191","13.5987216499999999 , 100.766129669999998"
"VDP","VFE1916","13.9406022899999993 , 100.553444229999997"
"VDP","VFE1918","14.5397881400000006 , 100.950547130000004"
"VDP","VFE1920","13.5844702599999998 , 100.609700369999999"
"VDP","VFE1953","13.9071765200000002 , 100.613643920000001"
"VDP","VFE1997","13.7824202499999995 , 100.546299829999995"
"VDP","VFE2024","13.7830561399999993 , 100.546462329999997"
"VDP","VFE204","13.5985131700000004 , 100.765915860000007"
"VDP","VFE2065","12.8801501799999993 , 100.884887289999995"
"VDP","VFE2083","13.5906660400000003 , 100.602944980000004"
"VDP","VFE2084","13.8069716400000004 , 100.724671970000003"
"VDP","VFE2089","13.0350435900000008 , 101.085532319999999"
"VDP","VFE2104","13.7142252399999993 , 100.483318740000001"
"VDP","VFE2105","13.7142076700000004 , 100.483752190000004"
"VDP","VFE2106","13.7364976900000002 , 100.341472039999999"
"VDP","VFE2115","15.0188979299999996 , 102.130733239999998"
"VDP","VFE2119","13.8533261999999997 , 100.537460719999999"
"VDP","VFE2122","13.76551495 , 100.641653009999999"
"VDP","VFE2124","13.9597385000000003 , 100.500901440000007"
"VDP","VFE2126","15.0031000999999993 , 102.117601429999993"
"VDP","VFE2132","13.6719160599999991 , 100.486190840000006"
"VDP","VFE2137","13.7359600000000004 , 100.341528800000006"
"VDP","VFE2138","13.1146417900000003 , 101.026312399999995"
"VDP","VFE2139","13.5859108699999993 , 100.751004050000006"
"VDP","VFE2142","14.0736961800000007 , 100.599396260000006"
"VDP","VFE2149","13.6668995899999999 , 100.588244369999998"
"VDP","VFE2158","13.6673662399999998 , 100.587032919999999"
"VDP","VFE2160","13.6664751100000004 , 100.589045119999994"
"VDP","VFE2161","13.7361203799999991 , 100.342147089999997"
"VDP","VFE2165","13.7150414400000003 , 100.485112409999999"
"VDP","VFE2168","13.7510184500000001 , 100.477761900000004"
"VDP","VFE217","13.6486522699999995 , 100.41828769"
"VDP","VFE2170","13.7342356700000003 , 100.581818339999998"
"VDP","VFE2171","13.7342438900000001 , 100.582163059999999"
"VDP","VFE2175","13.7787959000000004 , 100.508159879999994"
"VDP","VFE2180","13.5858862299999998 , 100.751264699999993"
"VDP","VFE2183","13.7791910000000009 , 100.507647669999997"
"VDP","VFE2187","13.6396029399999996 , 100.50109209"
"VDP","VFE2188","13.7262112300000005 , 100.585476270000001"
"VDP","VFE2190","13.8341929300000004 , 100.610803509999997"
"VDP","VFE2194","13.6713105499999994 , 100.4862289"
"VDP","VFE2195","13.7760998299999997 , 100.668680620000004"
"VDP","VFE2196","12.9293579800000007 , 100.881065449999994"
"VDP","VFE2197","14.06692638 , 100.602100100000001"
"VDP","VFE2202","13.76541894 , 100.641843890000004"
"VDP","VFE2206","14.0668513199999996 , 100.60246583"
"VDP","VFE2207","13.6677085700000003 , 100.484602260000003"
"VDP","VFE2208","13.5856912800000007 , 100.751035549999997"
"VDP","VFE2210","13.5857091600000004 , 100.751153029999998"
"VDP","VFE2212","13.7662333199999996 , 100.569158279999996"
"VDP","VFE222","13.7939533799999996 , 99.9186493899999988"
"VDP","VFE2220","13.6707731500000005 , 100.486517750000004"
"VDP","VFE2221","13.5858292200000008 , 100.751089359999995"
"VDP","VFE2223","13.6685724799999999 , 100.486238459999996"
"VDP","VFE2224","13.6687748599999992 , 100.484902129999995"
"VDP","VFE2227","13.6686355899999992 , 100.48453456"
"VDP","VFE2235","14.3543832200000008 , 100.612072150000003"
"VDP","VFE2256","13.0200289399999996 , 100.935352730000005"
"VDP","VFE2261","13.7224714799999994 , 100.519920060000004"
"VDP","VFE2263","13.5858532699999994 , 100.751204049999998"
"VDP","VFE2267","13.9393404699999994 , 100.723050970000003"
"VDP","VFE227","13.5993763399999992 , 100.765569040000003"
"VDP","VFE2272","13.7523265400000003 , 100.636513579999999"
"VDP","VFE2273","13.5694898100000003 , 100.303309569999996"
"VDP","VFE2275","13.8245800200000009 , 100.410288410000007"
"VDP","VFE2278","13.6889277600000003 , 100.646443829999996"
"VDP","VFE2280","13.7212622500000005 , 100.783020489999998"
"VDP","VFE2282","13.7633347500000003 , 100.568032270000003"
"VDP","VFE2292","13.6191891900000002 , 100.385617969999998"
"VDP","VFE230","13.8234758800000002 , 100.480178019999997"
"VDP","VFE2300","13.8512018099999992 , 100.556377850000004"
"VDP","VFE2301","13.6191680900000005 , 100.385692370000001"
"VDP","VFE2302","12.6747667800000006 , 100.997370009999997"
"VDP","VFE231","13.7128635699999997 , 100.41770511"
"VDP","VFE2311","13.8128926300000003 , 100.567034559999996"
"VDP","VFE2318","15.0009459799999991 , 102.115851890000002"
"VDP","VFE2323","13.8965065499999998 , 100.4520354"
"VDP","VFE2328","13.8962947799999998 , 100.452842989999994"
"VDP","VFE233","14.5807673999999992 , 100.460661299999998"
"VDP","VFE2331","13.8530004000000009 , 100.399440560000002"
"VDP","VFE2336","13.6191529500000001 , 100.385617609999997"
"VDP","VFE2338","13.6213212099999996 , 100.755829309999996"
"VDP","VFE2342","13.5858480900000007 , 100.751154850000006"
"VDP","VFE2343","12.6955627300000007 , 101.267862809999997"
"VDP","VFE2344","12.6962510399999999 , 101.267987919999996"
"VDP","VFE2345","13.5858129600000002 , 100.751239310000003"
"VDP","VFE2350","14.0353981300000008 , 100.76673529"
"VDP","VFE2353","13.9228323599999992 , 100.51590865"
"VDP","VFE2358","13.8145425199999998 , 100.718730210000004"
"VDP","VFE2364","14.3410991600000006 , 100.641849759999999"
"VDP","VFE2366","13.8901259100000001 , 100.403696519999997"
"VDP","VFE2367","13.5856629000000009 , 100.750988500000005"
"VDP","VFE2373","13.5859037499999999 , 100.751159860000001"
"VDP","VFE2375","13.7480025900000005 , 100.567576439999996"
"VDP","VFE2380","13.7796354999999995 , 100.676929439999995"
"VDP","VFE2387","14.2116038000000007 , 100.608276660000001"
"VDP","VFE2389","13.7320055100000005 , 100.535563679999996"
"VDP","VFE2390","13.8737860400000006 , 100.526924300000005"
"VDP","VFE2401","13.7430293799999994 , 100.615486430000004"
"VDP","VFE2406","13.6647734399999994 , 100.436523730000005"
"VDP","VFE2411","13.7077517400000009 , 100.356734320000001"
"VDP","VFE2417","13.7077244599999997 , 100.356578729999995"
"VDP","VFE2423","14.2909572399999991 , 100.559863640000003"
"VDP","VFE2424","13.4604539600000006 , 99.8641178299999979"
"VDP","VFE2425","13.7712576799999997 , 100.483871469999997"
"VDP","VFE2435","13.5858294199999996 , 100.751065249999996"
"VDP","VFE2436","13.8904990500000007 , 100.580439350000006"
"VDP","VFE2437","13.3356223000000007 , 100.968410270000007"
"VDP","VFE2439","13.5858358599999995 , 100.751167539999997"
"VDP","VFE244","13.7193355100000005 , 100.570839520000007"
"VDP","VFE2442","13.8621626899999999 , 100.612149329999994"
"VDP","VFE2443","14.03016577 , 100.529564859999994"
"VDP","VFE2449","13.8619344099999999 , 100.612019720000006"
"VDP","VFE2451","13.8623001200000004 , 100.611912989999993"
"VDP","VFE2452","13.5858617899999992 , 100.751205839999997"
"VDP","VFE2453","13.6636495199999999 , 100.438730289999995"
"VDP","VFE2462","13.66386973 , 100.437565530000001"
"VDP","VFE2464","13.5857270099999994 , 100.751043640000006"
"VDP","VFE248","13.5626887299999996 , 100.279037939999995"
"VDP","VFE2482","13.8782270000000008 , 100.578773100000006"
"VDP","VFE2486","13.8092251200000007 , 100.568029170000003"
"VDP","VFE2493","13.7218718899999992 , 100.520139259999993"
"VDP","VFE2500","13.7453668699999998 , 100.562114840000007"
"VDP","VFE2503","13.9103416099999997 , 100.449503239999999"
"VDP","VFE2519","13.5716294499999997 , 100.851174729999997"
"VDP","VFE252","13.9945202399999999 , 100.61232201"
"VDP","VFE2531","12.69887166 , 101.260583589999996"
"VDP","VFE259","13.2842900299999993 , 100.919383060000001"
"VDP","VFE263","13.4020683300000005 , 101.035150860000002"
"VDP","VFE267","13.2931043100000004 , 100.924455809999998"
"VDP","VFE280","13.6174492100000002 , 100.756742450000004"
"VDP","VFE283","13.5985485100000005 , 100.765981190000005"
"VDP","VFE284","13.1268507200000002 , 100.984324029999996"
"VDP","VFE290","13.8234787299999997 , 100.480116210000006"
"VDP","VFE293","13.9246788699999993 , 100.411012700000001"
"VDP","VFE302","13.7070574199999999 , 100.372045020000002"
"VDP","VFE305","13.9328077700000001 , 100.678433929999997"
"VDP","VFE312","13.5858233399999992 , 100.751267670000004"
"VDP","VFE317","13.9239733099999992 , 100.410069800000002"
"VDP","VFE320","13.5986456100000002 , 100.765931940000002"
"VDP","VFE321","13.8947837399999994 , 100.556629020000003"
"VDP","VFE322","14.5428756799999999 , 100.95037438"
"VDP","VFE333","13.5984842700000002 , 100.765673840000005"
"VDP","VFE337","14.6524357100000007 , 101.404596179999999"
"VDP","VFE369","13.1196495899999999 , 100.909520369999996"
"VDP","VFE371","14.0657874500000002 , 100.624208859999996"
"VDP","VFE376","13.1007117799999993 , 100.898639119999999"
"VDP","VFE407","13.7987221499999997 , 100.744842289999994"
"VDP","VFE408","13.6932862199999992 , 100.408156829999996"
"VDP","VFE413","14.0683651100000002 , 100.615326089999996"
"VDP","VFE421","13.7411626699999996 , 100.489552320000001"
"VDP","VFE422","13.8852641099999996 , 100.52295771"
"VDP","VFE438","13.7427829599999995 , 100.676475800000006"
"VDP","VFE457","13.8234884900000008 , 100.592696380000007"
"VDP","VFE462","12.6925069399999995 , 101.114398280000003"
"VDP","VFE464","13.9168536799999991 , 100.453807960000006"
"VDP","VFE467","15.2324689000000006 , 101.126072440000002"
"VDP","VFE474","14.4748672099999993 , 100.105067009999999"
"VDP","VFE475","13.6695497100000001 , 100.631790109999997"
"VDP","VFE480","13.3725023299999997 , 101.010050190000001"
"VDP","VFE481","13.7306342499999996 , 100.732042460000002"
"VDP","VFE485","13.8133031699999993 , 100.412468250000003"
"VDP","VFE487","13.5838647300000002 , 100.520597230000007"
"VDP","VFE489","13.5858002599999992 , 100.751027759999999"
"VDP","VFE496","13.9076859000000006 , 99.7770919900000024"
"VDP","VFE502","13.6780958800000008 , 100.616470719999995"
"VDP","VFE512","13.6427883800000007 , 100.636598109999994"
"VDP","VFE513","13.4248419299999995 , 101.004529989999995"
"VDP","VFE516","13.8704567000000001 , 100.546501019999994"
"VDP","VFE517","13.5984504899999994 , 100.766036839999998"
"VDP","VFE523","14.4696301199999997 , 100.12998073"
"VDP","VFE537","14.0241991099999996 , 100.294512810000001"
"VDP","VFE539","13.6313067599999993 , 100.711232229999993"
"VDP","VFE540","13.6527119599999995 , 100.678306680000006"
"VDP","VFE556","12.77612931 , 100.91350344"
"VDP","VFE558","13.1400263499999994 , 100.988114260000003"
"VDP","VFE559","13.6481182699999994 , 100.679145349999999"
"VDP","VFE599","13.8670703700000004 , 100.497135569999998"
"VDP","VFE601","13.8670579000000007 , 100.497759939999995"
"VDP","VFE603","13.6448505499999992 , 100.678316640000006"
"VDP","VFE621","14.01235432 , 100.253491749999995"
"VDP","VFE635","13.0412114100000007 , 101.083359509999994"
"VDP","VFE643","13.9607667699999993 , 100.679046049999997"
"VDP","VFE645","14.4380624900000001 , 100.136723459999999"
"VDP","VFE649","13.8342658600000004 , 100.61146377"
"VDP","VFE683","13.6141149400000003 , 100.743070270000004"
"VDP","VFE691","13.6140897899999995 , 100.743010420000005"
"VDP","VFE705","13.6727474099999995 , 100.414165440000005"
"VDP","VFE712","13.5985464100000009 , 100.766116319999995"
"VDP","VFE726","13.7047296900000006 , 100.310888879999993"
"VDP","VFE734","13.3218363800000006 , 100.964562819999998"
"VDP","VFE735","13.4122238100000004 , 100.022947329999994"
"VDP","VFE752","13.6576183699999998 , 100.499199239999996"
"VDP","VFE753","13.90965907 , 100.382445829999995"
"VDP","VFE754","13.6300292499999998 , 100.50452138"
"VDP","VFE757","13.7202069299999998 , 100.691810050000001"
"VDP","VFE759","13.76725405 , 100.656374479999997"
"VDP","VFE760","13.7394005200000002 , 100.649213489999994"
"VDP","VFE761","12.6827210000000008 , 101.066940029999998"
"VDP","VFE762","14.0633634399999998 , 100.668810440000001"
"VDP","VFE770","13.6446869700000004 , 100.714544129999993"
"VDP","VFE771","13.9449058000000008 , 100.380078170000004"
"VDP","VFE776","13.8810245099999996 , 100.627307149999993"
"VDP","VFE780","13.8320200900000003 , 100.719450050000006"
"VDP","VFE782","13.5856927200000008 , 100.751064209999996"
"VDP","VFE789","13.3876987700000001 , 100.987560149999993"
"VDP","VFE790","13.7457864399999998 , 100.539008749999994"
"VDP","VFE794","13.8824345400000002 , 100.458826380000005"
"VDP","VFE811","13.7858224699999994 , 100.546641010000002"
"VDP","VFE816","12.9691680199999997 , 101.217362850000001"
"VDP","VFE834","13.3234151599999997 , 100.964255719999997"
"VDP","VFE835","14.1865576999999998 , 100.632410379999996"
"VDP","VFE837","13.8147102099999994 , 100.71937011"
"VDP","VFE841","13.75948818 , 100.541768489999995"
"VDP","VFE842","13.7696242699999996 , 100.659520520000001"
"VDP","VFE854","14.2349112899999994 , 100.694277549999995"
"VDP","VFE861","13.6586162299999998 , 100.716248399999998"
"VDP","VFE889","13.6653538300000008 , 100.516384549999998"
"VDP","VFE890","13.5987485199999991 , 100.506706820000005"
"VDP","VFE902","13.6672633300000008 , 100.448984539999998"
"VDP","VFE910","12.6743907199999999 , 100.998008549999994"
"VDP","VFE929","13.0415240400000005 , 101.082655110000005"
"VDP","VFE930","13.6946061599999993 , 100.671971470000003"
"VDP","VFE931","13.6207610999999993 , 100.621362230000003"
"VDP","VFE935","13.0920425100000006 , 100.929373130000002"
"VDP","VFE942","13.6645744800000006 , 100.438346580000001"
"VDP","VFE945","14.0653537600000007 , 100.654994830000007"
"VDP","VFE946","13.9323939899999996 , 100.748627490000004"
"VDP","VFE956","13.1023093599999996 , 100.93038962"
"VDP","VFE969","13.5539379800000006 , 100.283809250000004"
"VDP","VFE984","13.5856415699999999 , 100.751059240000004"
"VDP","VFE992","14.7897226800000006 , 100.677341709999993"
"VDP","VFS1032","13.1042024799999997 , 100.897443050000007"
"VDP","VFS106","13.58583082 , 100.751210830000005"
"VDP","VFS1071","13.0661552400000005 , 101.212027329999998"
"VDP","VFS1245","13.0078792799999992 , 101.166678419999997"
"VDP","VFS1373","14.0401960399999997 , 100.744918690000006"
"VDP","VFS1473","13.8068689500000001 , 100.562178110000005"
"VDP","VFS1488","12.6621066399999993 , 100.912012500000003"
"VDP","VFS1509","13.93223536 , 100.748523739999996"
"VDP","VFS1515","14.0756244000000006 , 100.597155909999998"
"VDP","VFS1518","14.0750210100000004 , 100.602202500000004"
"VDP","VFS1519","14.0738501899999999 , 100.597057430000007"
"VDP","VFS1521","14.0735842499999997 , 100.597847119999997"
"VDP","VFS1522","13.5856067800000009 , 100.751332379999994"
"VDP","VFS1523","13.6657460200000003 , 100.442600810000002"
"VDP","VFS1540","13.0067917899999994 , 101.166583040000006"
"VDP","VFS1541","13.7423756800000003 , 100.580663119999997"
"VDP","VFS1552","13.5347275400000004 , 99.8117514000000057"
"VDP","VFS1556","13.9406365599999997 , 100.553532750000002"
"VDP","VFS1557","13.7438480799999994 , 100.540113199999993"
"VDP","VFS1561","14.4577132000000006 , 100.12879993"
"VDP","VFS1575","13.7486130299999996 , 100.539572359999994"
"VDP","VFS1588","13.0101041800000008 , 101.167244650000001"
"VDP","VFS1589","13.8022870799999993 , 100.578949120000004"
"VDP","VFS1595","13.6750157100000003 , 100.450491600000007"
"VDP","VFS1614","14.0396887499999998 , 100.469862759999998"
"VDP","VFS1621","13.62238507 , 100.657432479999997"
"VDP","VFS1623","13.8906387000000002 , 100.580460180000003"
"VDP","VFS1648","13.9393247299999992 , 100.722973809999999"
"VDP","VFS1653","14.0784378300000004 , 100.5973623"
"VDP","VFS1654","14.0733695900000004 , 100.611011390000002"
"VDP","VFS1655","13.5859037800000007 , 100.751061789999994"
"VDP","VFS1657","14.0732719799999995 , 100.600264339999995"
"VDP","VFS1661","13.7452861500000001 , 100.562168200000002"
"VDP","VFS1663","13.72244435 , 100.520091579999999"
"VDP","VFS1664","14.0706778200000002 , 100.597856930000006"
"VDP","VFS1666","14.0762835099999997 , 100.595565359999995"
"VDP","VFS1678","13.76653825 , 100.625169639999996"
"VDP","VFS1691","13.4353526399999996 , 101.077281900000003"
"VDP","VFS1696","13.7371062100000003 , 100.624585389999993"
"VDP","VFS1706","13.7437296500000006 , 100.540937979999995"
"VDP","VFS1707","13.5395700399999992 , 99.8254356799999982"
"VDP","VFS1711","13.6722260200000001 , 100.682567180000007"
"VDP","VFS1717","13.7075992699999993 , 100.356728689999997"
"VDP","VFS1718","13.7093591700000008 , 100.363398110000006"
"VDP","VFS1720","13.5991653699999997 , 100.356847459999997"
"VDP","VFS1723","13.5857185699999992 , 100.751169039999994"
"VDP","VFS1732","14.2910425500000002 , 100.559650509999997"
"VDP","VFS1735","14.9943968999999999 , 102.118836580000007"
"VDP","VFS1739","13.7817249099999994 , 100.677802170000007"
"VDP","VFS1741","13.9047837300000001 , 100.524514909999994"
"VDP","VFS1742","14.2116350100000002 , 100.608265369999998"
"VDP","VFS1748","13.5857236300000004 , 100.751151089999993"
"VDP","VFS1750","14.0317490500000002 , 100.306696700000003"
"VDP","VFS1753","13.7074314899999994 , 100.356718009999994"
"VDP","VFS1758","13.7080098199999991 , 100.35663581"
"VDP","VFS1759","13.7078675899999993 , 100.355699329999993"
"VDP","VFS1762","13.7713403299999992 , 100.483924439999996"
"VDP","VFS1763","13.4605072099999994 , 99.8641096799999985"
"VDP","VFS1779","13.6592935000000004 , 100.716422420000001"
"VDP","VFS1788","13.8346519800000003 , 100.655923270000002"
"VDP","VFS1790","13.7219642400000001 , 100.520062480000007"
"VDP","VFS1805","12.6988197100000004 , 101.260625709999999"
"VDP","VFS1806","13.7836628599999997 , 100.54730112"
"VDP","VFS1868","13.0078931200000003 , 101.168108680000003"
"VDP","VFS1875","13.0097720399999996 , 101.164945799999998"
"VDP","VFS1876","13.0105263000000004 , 101.165997419999997"
"VDP","VFS214","13.6903078899999997 , 100.370965920000003"
"VDP","VFS232","12.7401162200000009 , 101.081111160000006"
"VDP","VFS236","13.6469441400000004 , 100.430384270000005"
"VDP","VFS331","13.6172815699999994 , 100.756653749999998"
"VDP","VFS360","13.6464523900000003 , 100.429733990000003"
"VDP","VFS366","13.5985685699999994 , 100.765772459999994"
"VDP","VFS368","13.5985267400000005 , 100.766012590000003"
"VDP","VFS483","13.9048681399999996 , 100.528157960000001"
"VDP","VFS484","13.7038756700000004 , 100.357231209999995"
"VDP","VFS504","13.9034828099999999 , 100.529485949999994"
"VDP","VFS651","13.0087100899999992 , 101.167796350000003"
"VDP","VFS679","13.7462305800000006 , 100.539054429999993"
"VDP","VFS847","13.6952293600000008 , 100.502487169999995"
"VDP","VFS916","13.4021342899999993 , 101.035618900000003"
"VDP","VFS980","13.7182864799999997 , 100.662638779999995"
